Rank,Player,Team,Pos,Pos Rank,Bye,ADP,Tier
1,Jahmyr Gibbs,DET,RB,RB1,6,1,Tier 1
2,Bijan Robinson,ATL,RB,RB2,11,3,Tier 1
3,Josh Allen,BUF,QB,QB1,7,2,Tier 1
4,Puka Nacua,LAR,WR,WR1,11,6,Tier 2
5,Ja'Marr Chase,CIN,WR,WR2,6,4,Tier 2
6,Christian McCaffrey,SF,RB,RB3,8,8,Tier 2
7,Jaxon Smith-Njigba,SEA,WR,WR3,11,9,Tier 3
8,Amon-Ra St. Brown,DET,WR,WR4,6,11,Tier 3
9,Lamar Jackson,BAL,QB,QB2,13,5,Tier 3
10,James Cook III,BUF,RB,RB4,7,15,Tier 4
11,Jonathan Taylor,IND,RB,RB5,13,12,Tier 4
12,CeeDee Lamb,DAL,WR,WR5,14,21,Tier 4
13,Kenneth Walker III,KC,RB,RB6,5,28,Tier 5
14,Saquon Barkley,PHI,RB,RB7,10,27,Tier 5
15,Justin Jefferson,MIN,WR,WR6,6,22,Tier 5
16,Joe Burrow,CIN,QB,QB3,6,13,Tier 5
17,Jayden Daniels,WAS,QB,QB4,7,14,Tier 5
18,Chase Brown,CIN,RB,RB8,6,19,Tier 5
19,Derrick Henry,BAL,RB,RB9,13,31,Tier 5
20,Drake London,ATL,WR,WR7,11,34,Tier 5
21,Omarion Hampton,LAC,RB,RB10,7,23,Tier 6
22,Malik Nabers,NYG,WR,WR8,8,42,Tier 6
23,Brock Bowers,LV,TE,TE1,13,10,Tier 6
24,Jalen Hurts,PHI,QB,QB5,10,17,Tier 6
25,Trevor Lawrence,JAX,QB,QB6,7,29,Tier 6
26,Drake Maye,NE,QB,QB7,11,7,Tier 6
27,Nico Collins,HOU,WR,WR9,8,38,Tier 6
28,Ashton Jeanty,LV,RB,RB11,13,16,Tier 6
29,De'Von Achane,MIA,RB,RB12,6,25,Tier 6
30,A.J. Brown,NE,WR,WR10,10,30,Tier 6
31,Chris Olave,NO,WR,WR11,8,47,Tier 6
32,Rashee Rice,KC,WR,WR12,5,44,Tier 6
33,DeVonta Smith,PHI,WR,WR13,10,54,Tier 6
34,George Pickens,DAL,WR,WR14,14,43,Tier 6
35,Justin Herbert,LAC,QB,QB8,7,26,Tier 6
36,Matthew Stafford,LAR,QB,QB9,11,40,Tier 6
37,Dak Prescott,DAL,QB,QB10,14,24,Tier 6
38,Caleb Williams,CHI,QB,QB11,10,18,Tier 6
39,Trey McBride,ARI,TE,TE2,14,20,Tier 7
40,Brock Purdy,SF,QB,QB12,8,35,Tier 7
41,Tee Higgins,CIN,WR,WR15,6,64,Tier 7
42,Emeka Egbuka,TB,WR,WR16,10,60,Tier 7
43,Zay Flowers,BAL,WR,WR17,13,55,Tier 7
44,Ladd McConkey,LAC,WR,WR18,7,58,Tier 7
45,Javonte Williams,DAL,RB,RB13,14,52,Tier 7
46,Travis Etienne Jr.,NO,RB,RB14,8,61,Tier 7
47,Bo Nix,DEN,QB,QB13,10,36,Tier 7
48,Breece Hall,NYJ,RB,RB15,13,46,Tier 7
49,Garrett Wilson,NYJ,WR,WR19,13,65,Tier 7
50,Jeremiyah Love,ARI,RB,RB16,14,41,Tier 7
51,Kyren Williams,LAR,RB,RB17,11,49,Tier 7
52,Tetairoa McMillan,CAR,WR,WR20,5,69,Tier 8
53,Jaxson Dart,NYG,QB,QB14,8,33,Tier 8
54,Colston Loveland,CHI,TE,TE3,10,32,Tier 8
55,Patrick Mahomes II,KC,QB,QB15,5,37,Tier 8
56,Jared Goff,DET,QB,QB16,6,39,Tier 8
57,Tyler Warren,IND,TE,TE4,13,48,Tier 8
58,Kyler Murray,MIN,QB,QB17,6,45,Tier 8
59,D'Andre Swift,CHI,RB,RB18,10,62,Tier 8
60,Jaylen Waddle,DEN,WR,WR21,10,67,Tier 8
61,Luther Burden III,CHI,WR,WR22,10,73,Tier 8
62,Jordan Love,GB,QB,QB18,11,53,Tier 9
63,Davante Adams,LAR,WR,WR23,11,84,Tier 9
64,D.J. Moore,BUF,WR,WR24,7,74,Tier 9
65,Josh Jacobs,GB,RB,RB19,11,59,Tier 9
66,Bhayshul Tuten,JAX,RB,RB20,7,68,Tier 9
67,Rome Odunze,CHI,WR,WR25,10,87,Tier 9
68,Jameson Williams,DET,WR,WR26,6,86,Tier 9
69,Parker Washington,JAX,WR,WR27,7,90,Tier 9
70,Christian Watson,GB,WR,WR28,11,89,Tier 9
71,Cam Skattebo,NYG,RB,RB21,8,56,Tier 9
72,Quinshon Judkins,CLE,RB,RB22,11,72,Tier 9
73,Bucky Irving,TB,RB,RB23,10,75,Tier 9
74,Tyler Shough,NO,QB,QB19,8,50,Tier 9
75,Malik Willis,MIA,QB,QB20,6,57,Tier 9
76,Sam LaPorta,DET,TE,TE5,6,85,Tier 9
77,Tucker Kraft,GB,TE,TE6,11,76,Tier 9
78,Mike Evans,SF,WR,WR29,8,88,Tier 9
79,David Montgomery,HOU,RB,RB24,8,70,Tier 9
80,Terry McLaurin,WAS,WR,WR30,7,78,Tier 9
81,Harold Fannin Jr.,CLE,TE,TE7,11,82,Tier 9
82,Marvin Harrison Jr.,ARI,WR,WR31,14,99,Tier 10
83,Carnell Tate,TEN,WR,WR32,9,96,Tier 10
84,Rhamondre Stevenson,NE,RB,RB25,11,93,Tier 10
85,Jadarian Price,SEA,RB,RB26,11,81,Tier 10
86,Baker Mayfield,TB,QB,QB21,10,51,Tier 10
87,Sam Darnold,SEA,QB,QB22,11,63,Tier 10
88,Michael Wilson,ARI,WR,WR33,14,121,Tier 10
89,C.J. Stroud,HOU,QB,QB23,8,71,Tier 10
90,Jaylen Warren,PIT,RB,RB27,9,91,Tier 10
91,J.K. Dobbins,DEN,RB,RB28,10,116,Tier 10
92,Michael Pittman Jr.,PIT,WR,WR34,9,,Tier 11
93,TreVeyon Henderson,NE,RB,RB29,11,80,Tier 11
94,Aaron Rodgers,PIT,QB,QB24,,95,Tier 11
95,Alec Pierce,IND,WR,WR35,13,131,Tier 12
96,Josh Downs,IND,WR,WR36,13,120,Tier 12
97,Jakobi Meyers,JAX,WR,WR37,7,144,Tier 12
98,DK Metcalf,PIT,WR,WR38,9,113,Tier 12
99,Wan'Dale Robinson,TEN,WR,WR39,9,127,Tier 12
100,Tony Pollard,TEN,RB,RB30,9,98,Tier 12
101,Jonathon Brooks,CAR,RB,RB31,5,94,Tier 12
102,Brian Thomas Jr.,JAX,WR,WR40,7,104,Tier 12
103,Courtland Sutton,DEN,WR,WR41,10,114,Tier 12
104,Matthew Golden,GB,WR,WR42,11,139,Tier 12
105,De'Zhaun Stribling,SF,WR,WR43,8,140,Tier 12
106,Quentin Johnston,LAC,WR,WR44,7,112,Tier 12
107,Rico Dowdle,PIT,RB,RB32,9,103,Tier 13
108,Jayden Reed,GB,WR,WR45,11,132,Tier 13
109,Makai Lemon,PHI,WR,WR46,10,138,Tier 13
110,KC Concepcion,CLE,WR,WR47,11,143,Tier 13
111,Jacory Croskey-Merritt,WAS,RB,RB33,7,123,Tier 13
112,Jordan Mason,MIN,RB,RB34,6,115,Tier 13
113,Cam Ward,TEN,QB,QB25,9,77,Tier 13
114,Kyle Pitts Sr.,ATL,TE,TE8,11,79,Tier 13
115,Dalton Kincaid,BUF,TE,TE9,7,111,Tier 13
116,Jordyn Tyson,NO,WR,WR48,8,124,Tier 13
117,Stefon Diggs,WAS,WR,WR49,,130,Tier 13
118,Dallas Goedert,PHI,TE,TE10,10,107,Tier 13
119,Travis Kelce,KC,TE,TE11,5,100,Tier 13
120,Blake Corum,LAR,RB,RB35,11,110,Tier 14
121,Chris Godwin Jr.,TB,WR,WR50,10,118,Tier 14
122,Chuba Hubbard,CAR,RB,RB36,5,117,Tier 14
123,Kenneth Gainwell,TB,RB,RB37,10,108,Tier 14
124,Daniel Jones,IND,QB,QB26,13,66,Tier 14
125,Jacoby Brissett,ARI,QB,QB27,14,92,Tier 14
126,Bryce Young,CAR,QB,QB28,5,83,Tier 14
127,Geno Smith,NYJ,QB,QB29,13,105,Tier 14
128,Fernando Mendoza,LV,QB,QB30,13,101,Tier 14
129,RJ Harvey,DEN,RB,RB38,10,106,Tier 14
130,Jalen Coker,CAR,WR,WR51,5,153,Tier 14
131,MarShawn Lloyd,GB,RB,RB39,11,162,Tier 14
132,Mike Washington,LV,RB,RB40,13,,Tier 14
133,Kyle Monangai,CHI,RB,RB41,10,126,Tier 14
134,Jordan Addison,MIN,WR,WR52,6,136,Tier 14
135,Rachaad White,WAS,RB,RB42,7,122,Tier 14
136,Adonai Mitchell,NYJ,WR,WR53,13,185,Tier 14
137,Denzel Boston,CLE,WR,WR54,11,167,Tier 14
138,Juwan Johnson,NO,TE,TE12,8,129,Tier 14
139,Isaiah Likely,NYG,TE,TE13,8,102,Tier 14
140,George Kittle,SF,TE,TE14,8,97,Tier 14
141,Tua Tagovailoa,ATL,QB,QB31,11,128,Tier 15
142,Rashid Shaheed,SEA,WR,WR55,11,161,Tier 15
143,Ja'kobi Lane,BAL,WR,WR56,13,190,Tier 15
144,Tre Tucker,LV,WR,WR57,13,174,Tier 15
145,Keaton Mitchell,LAC,RB,RB43,7,137,Tier 15
146,Jalen McMillan,TB,WR,WR58,10,182,Tier 15
147,Tre Harris,LAC,WR,WR59,7,188,Tier 15
148,Pat Bryant,DEN,WR,WR60,10,205,Tier 15
149,Malachi Fields,NYG,WR,WR61,8,231,Tier 15
150,Caleb Douglas,MIA,WR,WR62,6,211,Tier 15
151,Keenan Allen,IND,WR,WR63,,207,Tier 15
152,Chris Bell,MIA,WR,WR64,6,237,Tier 15
153,Xavier Worthy,KC,WR,WR65,5,148,Tier 15
154,Romeo Doubs,NE,WR,WR66,11,158,Tier 15
155,Deebo Samuel Sr.,SF,WR,WR67,,145,Tier 15
156,Chris Rodriguez Jr.,JAX,RB,RB44,7,142,Tier 15
157,Tank Bigsby,PHI,RB,RB45,10,170,Tier 15
158,Aaron Jones Sr.,MIN,RB,RB46,6,133,Tier 15
159,Travis Hunter,JAX,WR,WR68,7,195,Tier 15
160,Brenton Strange,JAX,TE,TE15,7,135,Tier 15
161,Shedeur Sanders,CLE,QB,QB32,11,166,Tier 16
162,Jonah Coleman,DEN,RB,RB47,10,160,Tier 16
163,Tyler Allgeier,ARI,RB,RB48,14,152,Tier 16
164,Jake Ferguson,DAL,TE,TE16,14,109,Tier 16
165,Mark Andrews,BAL,TE,TE17,13,119,Tier 16
166,Chig Okonkwo,WAS,TE,TE18,7,134,Tier 16
167,Hunter Henry,NE,TE,TE19,11,141,Tier 16
168,Woody Marks,HOU,RB,RB49,8,150,Tier 16
169,Alvin Kamara,NO,RB,RB50,8,163,Tier 16
170,Dalton Schultz,HOU,TE,TE20,8,149,Tier 17
171,Kirk Cousins,LV,QB,QB33,13,171,Tier 17
172,Michael Penix Jr.,ATL,QB,QB34,11,180,Tier 17
173,Deshaun Watson,CLE,QB,QB35,11,169,Tier 17
174,J.J. McCarthy,MIN,QB,QB36,6,,Tier 17
175,Jaydon Blue,DAL,RB,RB51,14,179,Tier 17
176,Dylan Sampson,CLE,RB,RB52,11,168,Tier 17
177,Terrance Ferguson,LAR,TE,TE21,11,156,Tier 18
178,Braelon Allen,NYJ,RB,RB53,13,181,Tier 18
179,Khalil Shakir,BUF,WR,WR69,7,155,Tier 18
180,Jaylin Noel,HOU,WR,WR70,8,235,Tier 18
181,Nicholas Singleton,TEN,RB,RB54,9,212,Tier 18
182,Zach Charbonnet,SEA,RB,RB55,11,151,Tier 18
183,Zachariah Branch,ATL,WR,WR71,11,213,Tier 18
184,Cyrus Allen,KC,WR,WR72,,198,Tier 18
185,Jalen Nailor,LV,WR,WR73,13,176,Tier 18
186,Kayshon Boutte,HOU,WR,WR74,11,219,Tier 18
187,Tyrone Tracy Jr.,NYG,RB,RB56,8,147,Tier 18
188,George Holani,SEA,RB,RB57,11,214,Tier 18
189,Isiah Pacheco,DET,RB,RB58,6,172,Tier 18
190,Jaylen Wright,MIA,RB,RB59,6,229,Tier 18
191,Sean Tucker,TB,RB,RB60,10,210,Tier 18
192,Isaiah Davis,NYJ,RB,RB61,13,291,Tier 18
193,T.J. Hockenson,MIN,TE,TE22,6,146,Tier 18
194,AJ Barner,SEA,TE,TE23,11,165,Tier 18
195,Tank Dell,HOU,WR,WR75,8,184,Tier 19
196,Calvin Ridley,TEN,WR,WR76,9,204,Tier 19
197,Germie Bernard,PIT,WR,WR77,9,225,Tier 19
198,Omar Cooper Jr,NYJ,WR,WR78,13,200,Tier 19
199,Jerry Jeudy,CLE,WR,WR79,11,199,Tier 19
200,Jauan Jennings,MIN,WR,WR80,6,194,Tier 19
201,Greg Dulcich,MIA,TE,TE24,6,159,Tier 19
202,Kenyon Sadiq,NYJ,TE,TE25,13,164,Tier 19
203,Oronde Gadsden II,LAC,TE,TE26,7,157,Tier 19
204,Gunnar Helm,TEN,TE,TE27,9,177,Tier 19
205,Mike Gesicki,CIN,TE,TE28,6,206,Tier 19
206,Pat Freiermuth,PIT,TE,TE29,9,173,Tier 20
207,Evan Engram,DEN,TE,TE30,10,186,Tier 20
208,Cade Otton,TB,TE,TE31,10,175,Tier 20
209,David Njoku,LAC,TE,TE32,7,196,Tier 20