Rank,Player,Team,Pos,Pos Rank,Bye,ADP,ESPN ADP,Tier,Tags,Notes
1,Jahmyr Gibbs,DET,RB,RB1,6,1,,Tier 1,Favorite,
2,Bijan Robinson,ATL,RB,RB2,11,2,,Tier 1,,
3,Josh Allen,BUF,QB,QB1,7,3,,Tier 1,,
4,Puka Nacua,LAR,WR,WR2,11,5,,Tier 2,Favorite,
5,Ja'Marr Chase,CIN,WR,WR1,6,4,,Tier 2,,
6,Christian McCaffrey,SF,RB,RB3,8,9,,Tier 2,Favorite,
7,Jaxon Smith-Njigba,SEA,WR,WR3,11,7,,Tier 3,,
8,Amon-Ra St. Brown,DET,WR,WR4,6,11,,Tier 3,,
9,Lamar Jackson,BAL,QB,QB3,13,8,,Tier 3,,
10,James Cook III,BUF,RB,RB5,7,12,,Tier 4,,
11,Jonathan Taylor,IND,RB,RB4,13,10,,Tier 4,,
12,CeeDee Lamb,DAL,WR,WR5,14,16,,Tier 4,,
13,Kenneth Walker III,KC,RB,RB11,5,26,,Tier 5,Favorite; Huge Upside,
14,Saquon Barkley,PHI,RB,RB9,10,24,,Tier 5,,
15,Justin Jefferson,MIN,WR,WR6,6,18,,Tier 5,,
16,Joe Burrow,CIN,QB,QB4,6,13,,Tier 5,,
17,Jayden Daniels,WAS,QB,QB5,7,15,,Tier 5,Favorite; Value Pick,
18,Chase Brown,CIN,RB,RB7,6,21,,Tier 5,Favorite,
19,Derrick Henry,BAL,RB,RB12,13,30,,Tier 5,,
20,Omarion Hampton,LAC,RB,RB10,7,25,,Tier 6,Breakout,
21,Ashton Jeanty,LV,RB,RB6,13,17,,Tier 6,Injured; Huge Upside; Breakout,
22,Drake London,ATL,WR,WR8,11,28,,Tier 6,,
23,Malik Nabers,NYG,WR,WR11,8,37,,Tier 6,Injured; Favorite; Huge Upside,
24,Brock Bowers,LV,TE,TE1,13,14,,Tier 6,Huge Upside,
25,Nico Collins,HOU,WR,WR9,8,31,,Tier 6,Favorite,
26,De'Von Achane,MIA,RB,RB8,6,22,,Tier 6,Queasy,
27,Javonte Williams,DAL,RB,RB16,14,47,,Tier 6,Favorite; Value Pick,
28,A.J. Brown,NE,WR,WR7,10,27,,Tier 6,,
29,Jalen Hurts,PHI,QB,QB7,10,23,,Tier 6,Value Pick,
30,Trevor Lawrence,JAX,QB,QB10,7,33,,Tier 6,Favorite,
31,Drake Maye,NE,QB,QB2,11,6,,Tier 6,,
32,George Pickens,DAL,WR,WR10,14,35,,Tier 6,,
33,Jeremiyah Love,ARI,RB,RB13,14,38,,Tier 6,Injured; Rookie,
34,DeVonta Smith,PHI,WR,WR14,10,50,,Tier 6,Favorite; Breakout,
35,Chris Olave,NO,WR,WR12,8,39,,Tier 6,,
36,Rashee Rice,KC,WR,WR13,5,42,,Tier 6,,
37,Justin Herbert,LAC,QB,QB8,7,29,,Tier 6,,
38,Matthew Stafford,LAR,QB,QB16,11,51,,Tier 6,,
39,Dak Prescott,DAL,QB,QB9,14,32,,Tier 6,,
40,Caleb Williams,CHI,QB,QB6,10,20,,Tier 6,Huge Upside,
41,Trey McBride,ARI,TE,TE2,14,19,,Tier 7,,
42,Brock Purdy,SF,QB,QB14,8,43,,Tier 7,Value Pick,
43,Tee Higgins,CIN,WR,WR16,6,53,,Tier 7,,
44,Emeka Egbuka,TB,WR,WR20,10,60,,Tier 7,Injured; Favorite; Huge Upside; Breakout,
45,Zay Flowers,BAL,WR,WR15,13,52,,Tier 7,,
46,Ladd McConkey,LAC,WR,WR17,7,54,,Tier 7,,
47,Travis Etienne Jr.,NO,RB,RB18,8,56,,Tier 7,Favorite,
48,Bo Nix,DEN,QB,QB13,10,41,,Tier 7,,
49,Breece Hall,NYJ,RB,RB15,13,45,,Tier 7,Injured,
50,Garrett Wilson,NYJ,WR,WR18,13,55,,Tier 7,,
51,Kyren Williams,LAR,RB,RB14,11,44,,Tier 7,,
52,Tetairoa McMillan,CAR,WR,WR19,5,57,,Tier 8,,
53,Jaxson Dart,NYG,QB,QB11,8,34,,Tier 8,Huge Upside; Breakout,
54,Colston Loveland,CHI,TE,TE3,10,36,,Tier 8,Favorite; Huge Upside; Breakout,
55,Patrick Mahomes II,KC,QB,QB12,5,40,,Tier 8,Injured,
56,Jared Goff,DET,QB,QB15,6,48,,Tier 8,Value Pick,
57,Tyler Warren,IND,TE,TE4,13,46,,Tier 8,,
58,Kyler Murray,MIN,QB,QB19,6,65,,Tier 8,,
59,D'Andre Swift,CHI,RB,RB21,10,64,,Tier 8,,
60,Jaylen Waddle,DEN,WR,WR21,10,62,,Tier 8,,
61,Luther Burden III,CHI,WR,WR22,10,66,,Tier 8,Injured; Huge Upside; Breakout,
62,Jordan Love,GB,QB,QB17,11,59,,Tier 9,,
63,Davante Adams,LAR,WR,WR23,11,70,,Tier 9,,
64,Jameson Williams,DET,WR,WR26,6,76,,Tier 9,,
65,D.J. Moore,BUF,WR,WR24,7,73,,Tier 9,Huge Upside,
66,Rome Odunze,CHI,WR,WR27,10,82,,Tier 9,Huge Upside,
67,Parker Washington,JAX,WR,WR30,7,90,,Tier 9,Favorite; Breakout,
68,Christian Watson,GB,WR,WR29,11,86,,Tier 9,Favorite; Huge Upside,
69,Bhayshul Tuten,JAX,RB,RB24,7,71,,Tier 9,Huge Upside; Breakout,
70,Cam Skattebo,NYG,RB,RB19,8,58,,Tier 9,,
71,Quinshon Judkins,CLE,RB,RB22,11,68,,Tier 9,,
72,Bucky Irving,TB,RB,RB20,10,63,,Tier 9,,
73,Sam LaPorta,DET,TE,TE8,6,80,,Tier 9,Favorite; Value Pick,
74,Tucker Kraft,GB,TE,TE5,11,77,,Tier 9,Injured; Favorite; Huge Upside,
75,MarShawn Lloyd,GB,RB,RB57,11,182,,Tier 9,Huge Upside; Handcuff,
76,Jadarian Price,SEA,RB,RB26,11,84,,Tier 9,Rookie,
77,Tyler Shough,NO,QB,QB20,8,67,,Tier 9,Sleeper; Breakout,
78,Malik Willis,MIA,QB,QB22,6,81,,Tier 9,Sleeper,
79,Mike Evans,SF,WR,WR28,8,85,,Tier 9,Injured,
80,David Montgomery,HOU,RB,RB23,8,69,,Tier 10,,
81,Terry McLaurin,WAS,WR,WR25,7,74,,Tier 10,,
82,Harold Fannin Jr.,CLE,TE,TE7,11,79,,Tier 10,,
83,Marvin Harrison Jr.,ARI,WR,WR32,14,93,,Tier 10,,
84,Carnell Tate,TEN,WR,WR31,9,91,,Tier 10,Rookie,
85,Rhamondre Stevenson,NE,RB,RB28,11,92,,Tier 10,,
86,Baker Mayfield,TB,QB,QB18,10,61,,Tier 10,,
87,Sam Darnold,SEA,QB,QB21,11,75,,Tier 10,,
88,Michael Wilson,ARI,WR,WR36,14,105,,Tier 10,Value Pick,
89,C.J. Stroud,HOU,QB,QB23,8,83,,Tier 10,,
90,Jaylen Warren,PIT,RB,RB27,9,88,,Tier 11,,
91,J.K. Dobbins,DEN,RB,RB35,10,112,,Tier 11,Favorite; Value Pick,
92,Michael Pittman Jr.,PIT,WR,,9,,,Tier 11,Favorite,
93,TreVeyon Henderson,NE,RB,RB25,11,72,,Tier 11,Queasy,
94,Aaron Rodgers,PIT,QB,QB29,,127,,Tier 11,,
95,Alec Pierce,IND,WR,WR41,13,120,,Tier 12,Injured; Favorite,
96,Josh Downs,IND,WR,WR43,13,125,,Tier 12,Favorite; Value Pick,
97,Jakobi Meyers,JAX,WR,WR48,7,136,,Tier 12,Favorite,
98,DK Metcalf,PIT,WR,WR34,9,101,,Tier 12,Queasy,
99,Wan'Dale Robinson,TEN,WR,WR44,9,126,,Tier 12,Favorite; Value Pick,
100,Tony Pollard,TEN,RB,RB30,9,97,,Tier 12,,
101,Jonathon Brooks,CAR,RB,RB33,5,108,,Tier 12,Huge Upside; Breakout,
102,Brian Thomas Jr.,JAX,WR,WR33,7,94,,Tier 12,Queasy,
103,Courtland Sutton,DEN,WR,WR35,10,103,,Tier 12,,
104,Matthew Golden,GB,WR,WR50,11,139,,Tier 12,Favorite; Sleeper,
105,De'Zhaun Stribling,SF,WR,WR54,8,148,,Tier 12,Favorite; Sleeper; Breakout; Rookie,
106,Quentin Johnston,LAC,WR,WR39,7,118,,Tier 12,,
107,Jayden Reed,GB,WR,WR45,11,129,,Tier 13,,
108,Makai Lemon,PHI,WR,WR40,10,119,,Tier 13,Favorite; Rookie,
109,Rico Dowdle,PIT,RB,RB31,9,102,,Tier 13,,
110,KC Concepcion,CLE,WR,WR49,11,138,,Tier 13,Favorite; Sleeper; Rookie,
111,Jordan Mason,MIN,RB,RB38,6,122,,Tier 13,Favorite,
112,Cam Ward,TEN,QB,QB24,9,87,,Tier 13,,
113,Kyle Pitts Sr.,ATL,TE,TE6,11,78,,Tier 13,,
114,Dalton Kincaid,BUF,TE,TE11,7,104,,Tier 13,Favorite; Huge Upside,
115,Jordyn Tyson,NO,WR,WR38,8,116,,Tier 13,Injured; Rookie,
116,Stefon Diggs,WAS,WR,WR47,,131,,Tier 13,,
117,Dallas Goedert,PHI,TE,TE13,10,110,,Tier 13,,
118,Travis Kelce,KC,TE,TE9,5,98,,Tier 13,,
119,Blake Corum,LAR,RB,RB34,11,111,,Tier 14,Handcuff,
120,Josh Jacobs,GB,RB,RB17,11,49,,Tier 14,,
121,Jacory Croskey-Merritt,WAS,RB,RB39,7,124,,Tier 14,Favorite; Sleeper; Value Pick,
122,Chris Godwin Jr.,TB,WR,WR37,10,109,,Tier 14,,
123,Chuba Hubbard,CAR,RB,RB32,5,106,,Tier 14,Queasy,
124,Kenneth Gainwell,TB,RB,RB36,10,114,,Tier 14,Value Pick,
125,Daniel Jones,IND,QB,QB25,13,89,,Tier 14,Injured,
126,Jacoby Brissett,ARI,QB,QB28,14,123,,Tier 14,,
127,Bryce Young,CAR,QB,QB26,5,96,,Tier 14,,
128,Geno Smith,NYJ,QB,QB30,13,128,,Tier 14,,
129,Fernando Mendoza,LV,QB,QB27,13,99,,Tier 14,Rookie,
130,RJ Harvey,DEN,RB,RB29,10,95,,Tier 14,Queasy,
131,Jalen Coker,CAR,WR,WR56,5,152,,Tier 14,Sleeper,
132,Mike Washington,,RB,,13,,,Tier 14,Handcuff,
133,Kyle Monangai,CHI,RB,RB37,10,117,,Tier 14,Injured; Handcuff,
134,Jordan Addison,MIN,WR,WR46,6,130,,Tier 14,Queasy,
135,Rachaad White,WAS,RB,RB41,7,137,,Tier 14,,
136,Adonai Mitchell,NYJ,WR,WR66,13,187,,Tier 14,Sleeper,
137,Denzel Boston,CLE,WR,WR58,11,163,,Tier 14,Sleeper; Rookie,
138,Juwan Johnson,NO,TE,TE17,8,134,,Tier 14,Value Pick,
139,Isaiah Likely,NYG,TE,TE12,8,107,,Tier 14,Breakout,
140,George Kittle,SF,TE,TE10,8,100,,Tier 14,Injured,
141,Rashid Shaheed,SEA,WR,WR57,11,159,,Tier 15,,
142,Ja'kobi Lane,BAL,WR,WR60,13,174,,Tier 15,Sleeper; Rookie,
143,Tre Tucker,LV,WR,WR61,13,179,,Tier 15,,
144,Michael Penix Jr.,ATL,QB,QB33,11,168,,Tier 15,Injured,
145,Keaton Mitchell,LAC,RB,RB46,7,156,,Tier 15,Sleeper,
146,Chris Bell,MIA,WR,WR87,6,226,,Tier 15,Sleeper; Rookie,
147,Tre Harris,LAC,WR,WR68,7,190,,Tier 15,,
148,Romeo Doubs,NE,WR,WR52,11,145,,Tier 15,,
149,Jalen McMillan,TB,WR,WR63,10,181,,Tier 15,,
150,Pat Bryant,DEN,WR,WR79,10,208,,Tier 15,,
151,Malachi Fields,NYG,WR,WR82,8,218,,Tier 15,Sleeper; Rookie,
152,Caleb Douglas,MIA,WR,WR86,6,225,,Tier 15,Sleeper; Rookie,
153,Keenan Allen,IND,WR,WR80,,214,,Tier 15,,
154,Xavier Worthy,KC,WR,WR51,5,142,,Tier 15,Queasy,
155,Deebo Samuel Sr.,SF,WR,WR53,,147,,Tier 15,,
156,Chris Rodriguez Jr.,JAX,RB,RB44,7,149,,Tier 15,,
157,Tank Bigsby,PHI,RB,RB53,10,169,,Tier 15,Handcuff,
158,Aaron Jones Sr.,MIN,RB,RB40,6,132,,Tier 15,,
159,Travis Hunter,JAX,WR,WR64,7,185,,Tier 15,,
160,Brenton Strange,JAX,TE,TE18,7,135,,Tier 15,Sleeper,
161,Kirk Cousins,LV,QB,QB34,13,173,,Tier 16,,
162,Jonah Coleman,DEN,RB,RB48,10,158,,Tier 16,Rookie; Handcuff,
163,Tyler Allgeier,ARI,RB,RB42,14,144,,Tier 16,,
164,Jake Ferguson,DAL,TE,TE14,14,113,,Tier 16,,
165,Mark Andrews,BAL,TE,TE15,13,115,,Tier 16,,
166,Chig Okonkwo,WAS,TE,TE21,7,143,,Tier 16,,
167,Hunter Henry,NE,TE,TE16,11,133,,Tier 16,Value Pick,
168,Woody Marks,HOU,RB,RB43,8,146,,Tier 16,Handcuff,
169,Alvin Kamara,NO,RB,RB52,8,167,,Tier 16,Injured; Queasy,
170,Dalton Schultz,HOU,TE,TE19,8,140,,Tier 17,,
171,Shedeur Sanders,CLE,QB,QB32,11,166,,Tier 17,,
172,Deshaun Watson,CLE,QB,QB35,11,176,,Tier 17,,
173,Tua Tagovailoa,ATL,QB,QB31,11,153,,Tier 17,,
174,Dylan Sampson,CLE,RB,RB51,11,165,,Tier 17,Handcuff,
175,Terrance Ferguson,LAR,TE,TE25,11,164,,Tier 18,,
176,Braelon Allen,NYJ,RB,RB58,13,184,,Tier 18,Handcuff,
177,Khalil Shakir,BUF,WR,WR55,7,150,,Tier 18,Queasy,
178,Jaylin Noel,HOU,WR,WR89,8,234,,Tier 18,,
179,Nicholas Singleton,TEN,RB,RB61,9,198,,Tier 18,Sleeper; Rookie,
180,Zach Charbonnet,SEA,RB,RB45,11,154,,Tier 18,,
181,Zachariah Branch,ATL,WR,WR72,11,199,,Tier 18,Rookie,
182,Cyrus Allen,KC,WR,WR74,,201,,Tier 18,,
183,Jalen Nailor,LV,WR,WR59,13,172,,Tier 18,,
184,Kayshon Boutte,HOU,WR,WR71,11,194,,Tier 18,,
185,Tyrone Tracy Jr.,NYG,RB,RB47,8,157,,Tier 18,,
186,George Holani,SEA,RB,RB70,11,241,,Tier 18,,
187,Jaylen Wright,MIA,RB,RB69,6,232,,Tier 18,,
188,Sean Tucker,TB,RB,RB67,10,219,,Tier 18,,
189,Isaiah Davis,NYJ,RB,,13,,,Tier 18,,
190,T.J. Hockenson,MIN,TE,TE23,6,155,,Tier 18,,
191,AJ Barner,SEA,TE,TE24,11,162,,Tier 18,,
192,Tank Dell,HOU,WR,WR70,8,192,,Tier 19,,
193,Calvin Ridley,TEN,WR,WR81,9,216,,Tier 19,,
194,Germie Bernard,PIT,WR,WR85,9,223,,Tier 19,Rookie,
195,Omar Cooper Jr,NYJ,WR,WR65,13,186,,Tier 19,Rookie,
196,Jerry Jeudy,CLE,WR,WR69,11,191,,Tier 19,Queasy,
197,Jauan Jennings,MIN,WR,WR62,6,180,,Tier 19,,
198,Greg Dulcich,MIA,TE,TE29,6,189,,Tier 19,Sleeper,
199,Kenyon Sadiq,NYJ,TE,TE22,13,151,,Tier 19,Rookie,
200,Oronde Gadsden II,LAC,TE,TE20,7,141,,Tier 19,Queasy,
201,Gunnar Helm,TEN,TE,TE27,9,178,,Tier 19,,
202,Mike Gesicki,CIN,TE,TE34,6,213,,Tier 19,,
203,Pat Freiermuth,PIT,TE,TE31,9,195,,Tier 20,,
204,Evan Engram,DEN,TE,TE33,10,210,,Tier 20,,
205,Cade Otton,TB,TE,TE26,10,175,,Tier 20,,
206,David Njoku,LAC,TE,TE28,7,183,,Tier 20,,
