Year,Round,Round Pick,Overall Pick,Player,NFL Team,Position,Manager,Team Name
2018,1,1,1,Todd Gurley II,LAR,RB,Rollin Odama-Wong,Chris Your Team Name is Stupid
2018,1,2,2,Le'Veon Bell,PIT,RB,Harvey Wang,Team Wang
2018,1,3,3,Ezekiel Elliott,DAL,RB,Prashanth Balaraman,Pimpin Ain't Breesy
2018,1,4,4,Antonio Brown,PIT,WR,Jeff Chan,BIG DICK NICK BDN
2018,1,5,5,David Johnson,ARI,RB,Christopher Pascual,2 Game Win Streak
2018,1,6,6,Saquon Barkley,NYG,RB,Darwin Hu,Team Hu
2018,1,7,7,Alvin Kamara,NO,RB,Evan Fukumoto,Suupaa CAM
2018,1,8,8,Julio Jones,ATL,WR,Justin Ho,The Real Good Team
2018,1,9,9,DeAndre Hopkins,HOU,WR,Chase Mizoguchi,San Diego Chargers Always
2018,1,10,10,Odell Beckham Jr.,NYG,WR,Ikaika Stone,Team Sto
2018,2,1,11,Kareem Hunt,FA,RB,Ikaika Stone,Team Sto
2018,2,2,12,Leonard Fournette,JAX,RB,Chase Mizoguchi,San Diego Chargers Always
2018,2,3,13,Melvin Gordon,LAC,RB,Justin Ho,The Real Good Team
2018,2,4,14,Dalvin Cook,MIN,RB,Evan Fukumoto,Suupaa CAM
2018,2,5,15,A.J. Green,CIN,WR,Darwin Hu,Team Hu
2018,2,6,16,Christian McCaffrey,CAR,RB,Christopher Pascual,2 Game Win Streak
2018,2,7,17,LeSean McCoy,BUF,RB,Jeff Chan,BIG DICK NICK BDN
2018,2,8,18,Davante Adams,GB,WR,Prashanth Balaraman,Pimpin Ain't Breesy
2018,2,9,19,Keenan Allen,LAC,WR,Harvey Wang,Team Wang
2018,2,10,20,Michael Thomas,NO,WR,Rollin Odama-Wong,Chris Your Team Name is Stupid
2018,3,1,21,Rob Gronkowski,NE,TE,Rollin Odama-Wong,Chris Your Team Name is Stupid
2018,3,2,22,Devonta Freeman,ATL,RB,Harvey Wang,Team Wang
2018,3,3,23,Travis Kelce,KC,TE,Prashanth Balaraman,Pimpin Ain't Breesy
2018,3,4,24,Zach Ertz,PHI,TE,Jeff Chan,BIG DICK NICK BDN
2018,3,5,25,T.Y. Hilton,IND,WR,Christopher Pascual,2 Game Win Streak
2018,3,6,26,Joe Mixon,CIN,RB,Darwin Hu,Team Hu
2018,3,7,27,Jerick McKinnon,SF,RB,Evan Fukumoto,Suupaa CAM
2018,3,8,28,Mike Evans,TB,WR,Justin Ho,The Real Good Team
2018,3,9,29,Tyreek Hill,KC,WR,Chase Mizoguchi,San Diego Chargers Always
2018,3,10,30,Jordan Howard,CHI,RB,Ikaika Stone,Team Sto
2018,4,1,31,Adam Thielen,MIN,WR,Ikaika Stone,Team Sto
2018,4,2,32,Derrick Henry,TEN,RB,Chase Mizoguchi,San Diego Chargers Always
2018,4,3,33,Aaron Rodgers,GB,QB,Justin Ho,The Real Good Team
2018,4,4,34,Stefon Diggs,MIN,WR,Evan Fukumoto,Suupaa CAM
2018,4,5,35,Jarvis Landry,CLE,WR,Darwin Hu,Team Hu
2018,4,6,36,Deshaun Watson,HOU,QB,Christopher Pascual,2 Game Win Streak
2018,4,7,37,Carson Wentz,PHI,QB,Jeff Chan,BIG DICK NICK BDN
2018,4,8,38,Larry Fitzgerald,ARI,WR,Prashanth Balaraman,Pimpin Ain't Breesy
2018,4,9,39,Doug Baldwin,SEA,WR,Harvey Wang,Team Wang
2018,4,10,40,Tom Brady,NE,QB,Rollin Odama-Wong,Chris Your Team Name is Stupid
2018,5,1,41,Russell Wilson,SEA,QB,Rollin Odama-Wong,Chris Your Team Name is Stupid
2018,5,2,42,Andrew Luck,IND,QB,Harvey Wang,Team Wang
2018,5,3,43,Drew Brees,NO,QB,Prashanth Balaraman,Pimpin Ain't Breesy
2018,5,4,44,Jay Ajayi,PHI,RB,Jeff Chan,BIG DICK NICK BDN
2018,5,5,45,Brandin Cooks,LAR,WR,Christopher Pascual,2 Game Win Streak
2018,5,6,46,Amari Cooper,DAL,WR,Darwin Hu,Team Hu
2018,5,7,47,Cam Newton,CAR,QB,Evan Fukumoto,Suupaa CAM
2018,5,8,48,Alex Collins,BAL,RB,Justin Ho,The Real Good Team
2018,5,9,49,Matthew Stafford,DET,QB,Chase Mizoguchi,San Diego Chargers Always
2018,5,10,50,Kirk Cousins,MIN,QB,Ikaika Stone,Team Sto
2018,6,1,51,Royce Freeman,DEN,RB,Ikaika Stone,Team Sto
2018,6,2,52,Matt Ryan,ATL,QB,Chase Mizoguchi,San Diego Chargers Always
2018,6,3,53,JuJu Smith-Schuster,PIT,WR,Justin Ho,The Real Good Team
2018,6,4,54,Marvin Jones Jr.,DET,WR,Evan Fukumoto,Suupaa CAM
2018,6,5,55,Ben Roethlisberger,PIT,QB,Darwin Hu,Team Hu
2018,6,6,56,Jimmy Garoppolo,SF,QB,Christopher Pascual,2 Game Win Streak
2018,6,7,57,Alex Smith,WSH,QB,Jeff Chan,BIG DICK NICK BDN
2018,6,8,58,Allen Robinson,CHI,WR,Prashanth Balaraman,Pimpin Ain't Breesy
2018,6,9,59,Evan Engram,NYG,TE,Harvey Wang,Team Wang
2018,6,10,60,Kenyan Drake,MIA,RB,Rollin Odama-Wong,Chris Your Team Name is Stupid
2018,7,1,61,Lamar Miller,HOU,RB,Rollin Odama-Wong,Chris Your Team Name is Stupid
2018,7,2,62,Philip Rivers,LAC,QB,Harvey Wang,Team Wang
2018,7,3,63,Ronald Jones,TB,RB,Prashanth Balaraman,Pimpin Ain't Breesy
2018,7,4,64,Chris Hogan,NE,WR,Jeff Chan,BIG DICK NICK BDN
2018,7,5,65,Demaryius Thomas,HOU,WR,Christopher Pascual,2 Game Win Streak
2018,7,6,66,Jared Goff,LAR,QB,Darwin Hu,Team Hu
2018,7,7,67,Josh Gordon,NE,WR,Evan Fukumoto,Suupaa CAM
2018,7,8,68,Patrick Mahomes,KC,QB,Justin Ho,The Real Good Team
2018,7,9,69,Greg Olsen,CAR,TE,Chase Mizoguchi,San Diego Chargers Always
2018,7,10,70,Delanie Walker,TEN,TE,Ikaika Stone,Team Sto
2018,8,1,71,Marcus Mariota,TEN,QB,Ikaika Stone,Team Sto
2018,8,2,72,Mitchell Trubisky,CHI,QB,Chase Mizoguchi,San Diego Chargers Always
2018,8,3,73,Marshawn Lynch,LV,RB,Justin Ho,The Real Good Team
2018,8,4,74,Jimmy Graham,GB,TE,Evan Fukumoto,Suupaa CAM
2018,8,5,75,Kyle Rudolph,MIN,TE,Darwin Hu,Team Hu
2018,8,6,76,Jordan Reed,WSH,TE,Christopher Pascual,2 Game Win Streak
2018,8,7,77,Golden Tate,PHI,WR,Jeff Chan,BIG DICK NICK BDN
2018,8,8,78,Dak Prescott,DAL,QB,Prashanth Balaraman,Pimpin Ain't Breesy
2018,8,9,79,Marquise Goodwin,SF,WR,Harvey Wang,Team Wang
2018,8,10,80,Alshon Jeffery,PHI,WR,Rollin Odama-Wong,Chris Your Team Name is Stupid
2018,9,1,81,Dion Lewis,TEN,RB,Rollin Odama-Wong,Chris Your Team Name is Stupid
2018,9,2,82,Chris Carson,SEA,RB,Harvey Wang,Team Wang
2018,9,3,83,Mark Ingram II,NO,RB,Prashanth Balaraman,Pimpin Ain't Breesy
2018,9,4,84,Justin Tucker,BAL,K,Jeff Chan,BIG DICK NICK BDN
2018,9,5,85,Luke Kuechly,CAR,LB,Christopher Pascual,2 Game Win Streak
2018,9,6,86,Tevin Coleman,ATL,RB,Darwin Hu,Team Hu
2018,9,7,87,Sammy Watkins,KC,WR,Evan Fukumoto,Suupaa CAM
2018,9,8,88,Robby Anderson,NYJ,WR,Justin Ho,The Real Good Team
2018,9,9,89,Chris Thompson,WSH,RB,Chase Mizoguchi,San Diego Chargers Always
2018,9,10,90,Robert Woods,LAR,WR,Ikaika Stone,Team Sto
2018,10,1,91,Isaiah Crowell,NYJ,RB,Ikaika Stone,Team Sto
2018,10,2,92,Randall Cobb,GB,WR,Chase Mizoguchi,San Diego Chargers Always
2018,10,3,93,Kerryon Johnson,DET,RB,Justin Ho,The Real Good Team
2018,10,4,94,Corey Davis,TEN,WR,Evan Fukumoto,Suupaa CAM
2018,10,5,95,Michael Crabtree,BAL,WR,Darwin Hu,Team Hu
2018,10,6,96,Duke Johnson Jr.,CLE,RB,Christopher Pascual,2 Game Win Streak
2018,10,7,97,Devin Funchess,CAR,WR,Jeff Chan,BIG DICK NICK BDN
2018,10,8,98,Cooper Kupp,LAR,WR,Prashanth Balaraman,Pimpin Ain't Breesy
2018,10,9,99,Sterling Shepard,NYG,WR,Harvey Wang,Team Wang
2018,10,10,100,Emmanuel Sanders,DEN,WR,Rollin Odama-Wong,Chris Your Team Name is Stupid
2018,11,1,101,Rex Burkhead,NE,RB,Rollin Odama-Wong,Chris Your Team Name is Stupid
2018,11,2,102,Tyrod Taylor,CLE,QB,Harvey Wang,Team Wang
2018,11,3,103,Sony Michel,NE,RB,Prashanth Balaraman,Pimpin Ain't Breesy
2018,11,4,104,Kelvin Benjamin,KC,WR,Jeff Chan,BIG DICK NICK BDN
2018,11,5,105,Jaguars D/ST,JAX,D/ST,Christopher Pascual,2 Game Win Streak
2018,11,6,106,Tarik Cohen,CHI,RB,Darwin Hu,Team Hu
2018,11,7,107,Jamison Crowder,WSH,WR,Evan Fukumoto,Suupaa CAM
2018,11,8,108,Rams D/ST,LAR,D/ST,Justin Ho,The Real Good Team
2018,11,9,109,Jack Doyle,IND,TE,Chase Mizoguchi,San Diego Chargers Always
2018,11,10,110,Rashaad Penny,SEA,RB,Ikaika Stone,Team Sto
2018,12,1,111,Vikings D/ST,MIN,D/ST,Ikaika Stone,Team Sto
2018,12,2,112,Eagles D/ST,PHI,D/ST,Chase Mizoguchi,San Diego Chargers Always
2018,12,3,113,Jordy Nelson,LV,WR,Justin Ho,The Real Good Team
2018,12,4,114,Kenny Stills,MIA,WR,Evan Fukumoto,Suupaa CAM
2018,12,5,115,Sam Darnold,NYJ,QB,Darwin Hu,Team Hu
2018,12,6,116,Julian Edelman,NE,WR,Christopher Pascual,2 Game Win Streak
2018,12,7,117,Patriots D/ST,NE,D/ST,Jeff Chan,BIG DICK NICK BDN
2018,12,8,118,Marqise Lee,JAX,WR,Prashanth Balaraman,Pimpin Ain't Breesy
2018,12,9,119,Will Fuller V,HOU,WR,Harvey Wang,Team Wang
2018,12,10,120,Jamaal Williams,GB,RB,Rollin Odama-Wong,Chris Your Team Name is Stupid
2018,13,1,121,Marlon Mack,IND,RB,Rollin Odama-Wong,Chris Your Team Name is Stupid
2018,13,2,122,Carlos Hyde,JAX,RB,Harvey Wang,Team Wang
2018,13,3,123,Ty Montgomery,BAL,RB,Prashanth Balaraman,Pimpin Ain't Breesy
2018,13,4,124,Sean Lee,DAL,LB,Jeff Chan,BIG DICK NICK BDN
2018,13,5,125,Derek Carr,LV,QB,Christopher Pascual,2 Game Win Streak
2018,13,6,126,Pierre Garcon,SF,WR,Darwin Hu,Team Hu
2018,13,7,127,Andy Dalton,CIN,QB,Evan Fukumoto,Suupaa CAM
2018,13,8,128,Tyler Eifert,CIN,TE,Justin Ho,The Real Good Team
2018,13,9,129,Greg Zuerlein,LAR,K,Chase Mizoguchi,San Diego Chargers Always
2018,13,10,130,Dez Bryant,NO,WR,Ikaika Stone,Team Sto
2018,14,1,131,Eli Manning,NYG,QB,Ikaika Stone,Team Sto
2018,14,2,132,Josh Doctson,WSH,WR,Chase Mizoguchi,San Diego Chargers Always
2018,14,3,133,Case Keenum,DEN,QB,Justin Ho,The Real Good Team
2018,14,4,134,Ravens D/ST,BAL,D/ST,Evan Fukumoto,Suupaa CAM
2018,14,5,135,David Njoku,CLE,TE,Darwin Hu,Team Hu
2018,14,6,136,Chris Boswell,PIT,K,Christopher Pascual,2 Game Win Streak
2018,14,7,137,J.J. Watt,HOU,DE,Jeff Chan,BIG DICK NICK BDN
2018,14,8,138,Cameron Meredith,NO,WR,Prashanth Balaraman,Pimpin Ain't Breesy
2018,14,9,139,Trey Burton,CHI,TE,Harvey Wang,Team Wang
2018,14,10,140,Nelson Agholor,PHI,WR,Rollin Odama-Wong,Chris Your Team Name is Stupid
2018,15,1,141,Stephen Gostkowski,NE,K,Rollin Odama-Wong,Chris Your Team Name is Stupid
2018,15,2,142,Kenny Golladay,DET,WR,Harvey Wang,Team Wang
2018,15,3,143,C.J. Mosley,BAL,LB,Prashanth Balaraman,Pimpin Ain't Breesy
2018,15,4,144,Zach Brown,WSH,LB,Jeff Chan,BIG DICK NICK BDN
2018,15,5,145,Calvin Ridley,ATL,WR,Christopher Pascual,2 Game Win Streak
2018,15,6,146,Khalil Mack,CHI,DE,Darwin Hu,Team Hu
2018,15,7,147,Jameis Winston,TB,QB,Evan Fukumoto,Suupaa CAM
2018,15,8,148,Kwon Alexander,TB,LB,Justin Ho,The Real Good Team
2018,15,9,149,Nick Chubb,CLE,RB,Chase Mizoguchi,San Diego Chargers Always
2018,15,10,150,Mohamed Sanu,ATL,WR,Ikaika Stone,Team Sto
2018,16,1,151,Matt Bryant,ATL,K,Ikaika Stone,Team Sto
2018,16,2,152,Titans D/ST,TEN,D/ST,Chase Mizoguchi,San Diego Chargers Always
2018,16,3,153,Matt Prater,DET,K,Justin Ho,The Real Good Team
2018,16,4,154,Robbie Gould,SF,K,Evan Fukumoto,Suupaa CAM
2018,16,5,155,Texans D/ST,HOU,D/ST,Darwin Hu,Team Hu
2018,16,6,156,Charles Clay,BUF,TE,Christopher Pascual,2 Game Win Streak
2018,16,7,157,Joey Bosa,LAC,DE,Jeff Chan,BIG DICK NICK BDN
2018,16,8,158,Jake Elliott,PHI,K,Prashanth Balaraman,Pimpin Ain't Breesy
2018,16,9,159,Chargers D/ST,LAC,D/ST,Harvey Wang,Team Wang
2018,16,10,160,Saints D/ST,NO,D/ST,Rollin Odama-Wong,Chris Your Team Name is Stupid
2018,17,1,161,Bobby Wagner,SEA,LB,Rollin Odama-Wong,Chris Your Team Name is Stupid
2018,17,2,162,Blake Martinez,GB,LB,Harvey Wang,Team Wang
2018,17,3,163,Cardinals D/ST,ARI,D/ST,Prashanth Balaraman,Pimpin Ain't Breesy
2018,17,4,164,DeVante Parker,MIA,WR,Jeff Chan,BIG DICK NICK BDN
2018,17,5,165,Allen Hurns,DAL,WR,Christopher Pascual,2 Game Win Streak
2018,17,6,166,Harrison Butker,KC,K,Darwin Hu,Team Hu
2018,17,7,167,Telvin Smith,JAX,LB,Evan Fukumoto,Suupaa CAM
2018,17,8,168,C.J. Anderson,LAR,RB,Justin Ho,The Real Good Team
2018,17,9,169,Wil Lutz,NO,K,Chase Mizoguchi,San Diego Chargers Always
2018,17,10,170,Anthony Hitchens,KC,LB,Ikaika Stone,Team Sto
2018,18,1,171,Rishard Matthews,NYJ,WR,Ikaika Stone,Team Sto
2018,18,2,172,Reshad Jones,MIA,S,Chase Mizoguchi,San Diego Chargers Always
2018,18,3,173,John Ross,CIN,WR,Justin Ho,The Real Good Team
2018,18,4,174,Latavius Murray,MIN,RB,Evan Fukumoto,Suupaa CAM
2018,18,5,175,Chandler Jones,ARI,DE,Darwin Hu,Team Hu
2018,18,6,176,James White,NE,RB,Christopher Pascual,2 Game Win Streak
2018,18,7,177,Landon Collins,NYG,S,Jeff Chan,BIG DICK NICK BDN
2018,18,8,178,Paul Richardson,WSH,WR,Prashanth Balaraman,Pimpin Ain't Breesy
2018,18,9,179,Graham Gano,CAR,K,Harvey Wang,Team Wang
2018,18,10,180,Michael Gallup,DAL,WR,Rollin Odama-Wong,Chris Your Team Name is Stupid
2019,1,1,1,Saquon Barkley,NYG,RB,Christopher Pascual,R-E- L-A-X
2019,1,2,2,Todd Gurley II,LAR,RB,Darwin Hu,Team Hu
2019,1,3,3,Christian McCaffrey,CAR,RB,Chase Mizoguchi,San Diego Chargers Always
2019,1,4,4,Alvin Kamara,NO,RB,Daniel Ota,Team Ota
2019,1,5,5,Ezekiel Elliott,DAL,RB,Prashanth Balaraman,Pimpin Ain't Breesy
2019,1,6,6,Davante Adams,GB,WR,Evan Fukumoto,Nicks  Half Chubb
2019,1,7,7,David Johnson,ARI,RB,Harvey Wang,Utu Wang Wang
2019,1,8,8,Le'Veon Bell,NYJ,RB,Justin Ho,Chute Mi 你好
2019,1,9,9,DeAndre Hopkins,HOU,WR,Ikaika Stone,Team Stone
2019,1,10,10,Julio Jones,ATL,WR,Rollin Odama-Wong,2019  Champion
2019,2,1,11,JuJu Smith-Schuster,PIT,WR,Rollin Odama-Wong,2019  Champion
2019,2,2,12,Michael Thomas,NO,WR,Ikaika Stone,Team Stone
2019,2,3,13,Joe Mixon,CIN,RB,Justin Ho,Chute Mi 你好
2019,2,4,14,Odell Beckham Jr.,CLE,WR,Harvey Wang,Utu Wang Wang
2019,2,5,15,Nick Chubb,CLE,RB,Evan Fukumoto,Nicks  Half Chubb
2019,2,6,16,Tyreek Hill,KC,WR,Prashanth Balaraman,Pimpin Ain't Breesy
2019,2,7,17,James Conner,PIT,RB,Daniel Ota,Team Ota
2019,2,8,18,Dalvin Cook,MIN,RB,Chase Mizoguchi,San Diego Chargers Always
2019,2,9,19,Keenan Allen,LAC,WR,Darwin Hu,Team Hu
2019,2,10,20,Patrick Mahomes,KC,QB,Christopher Pascual,R-E- L-A-X
2019,3,1,21,Devonta Freeman,ATL,RB,Christopher Pascual,R-E- L-A-X
2019,3,2,22,Josh Jacobs,LV,RB,Darwin Hu,Team Hu
2019,3,3,23,Mike Evans,TB,WR,Chase Mizoguchi,San Diego Chargers Always
2019,3,4,24,Travis Kelce,KC,TE,Daniel Ota,Team Ota
2019,3,5,25,George Kittle,SF,TE,Prashanth Balaraman,Pimpin Ain't Breesy
2019,3,6,26,Aaron Jones,GB,RB,Evan Fukumoto,Nicks  Half Chubb
2019,3,7,27,Kerryon Johnson,DET,RB,Harvey Wang,Utu Wang Wang
2019,3,8,28,Zach Ertz,PHI,TE,Justin Ho,Chute Mi 你好
2019,3,9,29,Leonard Fournette,JAX,RB,Ikaika Stone,Team Stone
2019,3,10,30,Deshaun Watson,HOU,QB,Rollin Odama-Wong,2019  Champion
2019,4,1,31,Aaron Rodgers,GB,QB,Rollin Odama-Wong,2019  Champion
2019,4,2,32,Damien Williams,KC,RB,Ikaika Stone,Team Stone
2019,4,3,33,Antonio Brown,FA,WR,Justin Ho,Chute Mi 你好
2019,4,4,34,Derrick Henry,TEN,RB,Harvey Wang,Utu Wang Wang
2019,4,5,35,Carson Wentz,PHI,QB,Evan Fukumoto,Nicks  Half Chubb
2019,4,6,36,Drew Brees,NO,QB,Prashanth Balaraman,Pimpin Ain't Breesy
2019,4,7,37,Chris Carson,SEA,RB,Daniel Ota,Team Ota
2019,4,8,38,Baker Mayfield,CLE,QB,Chase Mizoguchi,San Diego Chargers Always
2019,4,9,39,Adam Thielen,MIN,WR,Darwin Hu,Team Hu
2019,4,10,40,Melvin Gordon,LAC,RB,Christopher Pascual,R-E- L-A-X
2019,5,1,41,Julian Edelman,NE,WR,Christopher Pascual,R-E- L-A-X
2019,5,2,42,Amari Cooper,DAL,WR,Darwin Hu,Team Hu
2019,5,3,43,Matt Ryan,ATL,QB,Chase Mizoguchi,San Diego Chargers Always
2019,5,4,44,Brandin Cooks,LAR,WR,Daniel Ota,Team Ota
2019,5,5,45,David Montgomery,CHI,RB,Prashanth Balaraman,Pimpin Ain't Breesy
2019,5,6,46,Robert Woods,LAR,WR,Evan Fukumoto,Nicks  Half Chubb
2019,5,7,47,Russell Wilson,SEA,QB,Harvey Wang,Utu Wang Wang
2019,5,8,48,Cam Newton,CAR,QB,Justin Ho,Chute Mi 你好
2019,5,9,49,Stefon Diggs,MIN,WR,Ikaika Stone,Team Stone
2019,5,10,50,Tyler Lockett,SEA,WR,Rollin Odama-Wong,2019  Champion
2019,6,1,51,James White,NE,RB,Rollin Odama-Wong,2019  Champion
2019,6,2,52,Dak Prescott,DAL,QB,Ikaika Stone,Team Stone
2019,6,3,53,Jared Goff,LAR,QB,Justin Ho,Chute Mi 你好
2019,6,4,54,Kenny Golladay,DET,WR,Harvey Wang,Utu Wang Wang
2019,6,5,55,Sony Michel,NE,RB,Evan Fukumoto,Nicks  Half Chubb
2019,6,6,56,Ben Roethlisberger,PIT,QB,Prashanth Balaraman,Pimpin Ain't Breesy
2019,6,7,57,Kyler Murray,ARI,QB,Daniel Ota,Team Ota
2019,6,8,58,Cooper Kupp,LAR,WR,Chase Mizoguchi,San Diego Chargers Always
2019,6,9,59,Tom Brady,NE,QB,Darwin Hu,Team Hu
2019,6,10,60,Lamar Jackson,BAL,QB,Christopher Pascual,R-E- L-A-X
2019,7,1,61,DJ Moore,CAR,WR,Christopher Pascual,R-E- L-A-X
2019,7,2,62,Mitchell Trubisky,CHI,QB,Darwin Hu,Team Hu
2019,7,3,63,Evan Engram,NYG,TE,Chase Mizoguchi,San Diego Chargers Always
2019,7,4,64,Philip Rivers,LAC,QB,Daniel Ota,Team Ota
2019,7,5,65,Mark Ingram II,BAL,RB,Prashanth Balaraman,Pimpin Ain't Breesy
2019,7,6,66,Jameis Winston,TB,QB,Evan Fukumoto,Nicks  Half Chubb
2019,7,7,67,Hunter Henry,LAC,TE,Harvey Wang,Utu Wang Wang
2019,7,8,68,Calvin Ridley,ATL,WR,Justin Ho,Chute Mi 你好
2019,7,9,69,O.J. Howard,TB,TE,Ikaika Stone,Team Stone
2019,7,10,70,Austin Ekeler,LAC,RB,Rollin Odama-Wong,2019  Champion
2019,8,1,71,Tevin Coleman,SF,RB,Rollin Odama-Wong,2019  Champion
2019,8,2,72,Kirk Cousins,MIN,QB,Ikaika Stone,Team Stone
2019,8,3,73,T.Y. Hilton,IND,WR,Justin Ho,Chute Mi 你好
2019,8,4,74,Derek Carr,LV,QB,Harvey Wang,Utu Wang Wang
2019,8,5,75,Jared Cook,NO,TE,Evan Fukumoto,Nicks  Half Chubb
2019,8,6,76,Alshon Jeffery,PHI,WR,Prashanth Balaraman,Pimpin Ain't Breesy
2019,8,7,77,Chris Godwin,TB,WR,Daniel Ota,Team Ota
2019,8,8,78,Mike Williams,LAC,WR,Chase Mizoguchi,San Diego Chargers Always
2019,8,9,79,Tarik Cohen,CHI,RB,Darwin Hu,Team Hu
2019,8,10,80,Kenyan Drake,ARI,RB,Christopher Pascual,R-E- L-A-X
2019,9,1,81,A.J. Green,CIN,WR,Christopher Pascual,R-E- L-A-X
2019,9,2,82,Vance McDonald,PIT,TE,Darwin Hu,Team Hu
2019,9,3,83,Marlon Mack,IND,RB,Chase Mizoguchi,San Diego Chargers Always
2019,9,4,84,Tyler Boyd,CIN,WR,Daniel Ota,Team Ota
2019,9,5,85,Josh Gordon,SEA,WR,Prashanth Balaraman,Pimpin Ain't Breesy
2019,9,6,86,Duke Johnson,HOU,RB,Evan Fukumoto,Nicks  Half Chubb
2019,9,7,87,Miles Sanders,PHI,RB,Harvey Wang,Utu Wang Wang
2019,9,8,88,Derrius Guice,WSH,RB,Justin Ho,Chute Mi 你好
2019,9,9,89,Phillip Lindsay,DEN,RB,Ikaika Stone,Team Stone
2019,9,10,90,Latavius Murray,NO,RB,Rollin Odama-Wong,2019  Champion
2019,10,1,91,J.J. Watt,HOU,DE,Rollin Odama-Wong,2019  Champion
2019,10,2,92,Sterling Shepard,NYG,WR,Ikaika Stone,Team Stone
2019,10,3,93,Jarvis Landry,CLE,WR,Justin Ho,Chute Mi 你好
2019,10,4,94,Sammy Watkins,KC,WR,Harvey Wang,Utu Wang Wang
2019,10,5,95,Robby Anderson,NYJ,WR,Evan Fukumoto,Nicks  Half Chubb
2019,10,6,96,Darius Leonard,IND,LB,Prashanth Balaraman,Pimpin Ain't Breesy
2019,10,7,97,Allen Robinson II,CHI,WR,Daniel Ota,Team Ota
2019,10,8,98,Marvin Jones Jr.,DET,WR,Chase Mizoguchi,San Diego Chargers Always
2019,10,9,99,Luke Kuechly,CAR,LB,Darwin Hu,Team Hu
2019,10,10,100,Matthew Stafford,DET,QB,Christopher Pascual,R-E- L-A-X
2019,11,1,101,Devin Singletary,BUF,RB,Christopher Pascual,R-E- L-A-X
2019,11,2,102,Aaron Donald,LAR,DT,Darwin Hu,Team Hu
2019,11,3,103,Austin Hooper,ATL,TE,Chase Mizoguchi,San Diego Chargers Always
2019,11,4,104,Rashaad Penny,SEA,RB,Daniel Ota,Team Ota
2019,11,5,105,Jordan Howard,PHI,RB,Prashanth Balaraman,Pimpin Ain't Breesy
2019,11,6,106,Matt Breida,SF,RB,Evan Fukumoto,Nicks  Half Chubb
2019,11,7,107,Dede Westbrook,JAX,WR,Harvey Wang,Utu Wang Wang
2019,11,8,108,Will Fuller V,HOU,WR,Justin Ho,Chute Mi 你好
2019,11,9,109,Emmanuel Sanders,SF,WR,Ikaika Stone,Team Stone
2019,11,10,110,Darwin Thompson,KC,RB,Rollin Odama-Wong,2019  Champion
2019,12,1,111,Curtis Samuel,CAR,WR,Rollin Odama-Wong,2019  Champion
2019,12,2,112,Bears D/ST,CHI,D/ST,Ikaika Stone,Team Stone
2019,12,3,113,Peyton Barber,TB,RB,Justin Ho,Chute Mi 你好
2019,12,4,114,Royce Freeman,DEN,RB,Harvey Wang,Utu Wang Wang
2019,12,5,115,Sam Darnold,NYJ,QB,Evan Fukumoto,Nicks  Half Chubb
2019,12,6,116,Jimmy Garoppolo,SF,QB,Prashanth Balaraman,Pimpin Ain't Breesy
2019,12,7,117,Christian Kirk,ARI,WR,Daniel Ota,Team Ota
2019,12,8,118,Josh Allen,BUF,QB,Chase Mizoguchi,San Diego Chargers Always
2019,12,9,119,Jaguars D/ST,JAX,D/ST,Darwin Hu,Team Hu
2019,12,10,120,Bobby Wagner,SEA,LB,Christopher Pascual,R-E- L-A-X
2019,13,1,121,Delanie Walker,TEN,TE,Christopher Pascual,R-E- L-A-X
2019,13,2,122,Greg Zuerlein,LAR,K,Darwin Hu,Team Hu
2019,13,3,123,Rams D/ST,LAR,D/ST,Chase Mizoguchi,San Diego Chargers Always
2019,13,4,124,Cory Littleton,LAR,LB,Daniel Ota,Team Ota
2019,13,5,125,Larry Fitzgerald,ARI,WR,Prashanth Balaraman,Pimpin Ain't Breesy
2019,13,6,126,DeSean Jackson,PHI,WR,Evan Fukumoto,Nicks  Half Chubb
2019,13,7,127,David Njoku,CLE,TE,Harvey Wang,Utu Wang Wang
2019,13,8,128,Vikings D/ST,MIN,D/ST,Justin Ho,Chute Mi 你好
2019,13,9,129,Leighton Vander Esch,DAL,LB,Ikaika Stone,Team Stone
2019,13,10,130,Jaylen Samuels,PIT,RB,Rollin Odama-Wong,2019  Champion
2019,14,1,131,Jamison Crowder,NYJ,WR,Rollin Odama-Wong,2019  Champion
2019,14,2,132,Jacoby Brissett,IND,QB,Ikaika Stone,Team Stone
2019,14,3,133,Michael Gallup,DAL,WR,Justin Ho,Chute Mi 你好
2019,14,4,134,Marcus Mariota,TEN,QB,Harvey Wang,Utu Wang Wang
2019,14,5,135,Marquez Valdes-Scantling,GB,WR,Evan Fukumoto,Nicks  Half Chubb
2019,14,6,136,Bills D/ST,BUF,D/ST,Prashanth Balaraman,Pimpin Ain't Breesy
2019,14,7,137,Corey Davis,TEN,WR,Daniel Ota,Team Ota
2019,14,8,138,Jalen Richard,LV,RB,Chase Mizoguchi,San Diego Chargers Always
2019,14,9,139,Jack Doyle,IND,TE,Darwin Hu,Team Hu
2019,14,10,140,Trey Burton,CHI,TE,Christopher Pascual,R-E- L-A-X
2019,15,1,141,Ravens D/ST,BAL,D/ST,Christopher Pascual,R-E- L-A-X
2019,15,2,142,Geronimo Allison,GB,WR,Darwin Hu,Team Hu
2019,15,3,143,Justin Tucker,BAL,K,Chase Mizoguchi,San Diego Chargers Always
2019,15,4,144,LeSean McCoy,KC,RB,Daniel Ota,Team Ota
2019,15,5,145,Wil Lutz,NO,K,Prashanth Balaraman,Pimpin Ain't Breesy
2019,15,6,146,Harrison Butker,KC,K,Evan Fukumoto,Nicks  Half Chubb
2019,15,7,147,Kwon Alexander,SF,LB,Harvey Wang,Utu Wang Wang
2019,15,8,148,Ka'imi Fairbairn,HOU,K,Justin Ho,Chute Mi 你好
2019,15,9,149,Stephen Gostkowski,NE,K,Ikaika Stone,Team Stone
2019,15,10,150,Ronald Jones II,TB,RB,Rollin Odama-Wong,2019  Champion
2019,16,1,151,Chargers D/ST,LAC,D/ST,Rollin Odama-Wong,2019  Champion
2019,16,2,152,Nyheim Hines,IND,RB,Ikaika Stone,Team Stone
2019,16,3,153,Blake Martinez,GB,LB,Justin Ho,Chute Mi 你好
2019,16,4,154,Patriots D/ST,NE,D/ST,Harvey Wang,Utu Wang Wang
2019,16,5,155,Tremaine Edmunds,BUF,LB,Evan Fukumoto,Nicks  Half Chubb
2019,16,6,156,Eric Ebron,IND,TE,Prashanth Balaraman,Pimpin Ain't Breesy
2019,16,7,157,Saints D/ST,NO,D/ST,Daniel Ota,Team Ota
2019,16,8,158,Browns D/ST,CLE,D/ST,Chase Mizoguchi,San Diego Chargers Always
2019,16,9,159,Eli Manning,NYG,QB,Darwin Hu,Team Hu
2019,16,10,160,Michael Badgley,LAC,K,Christopher Pascual,R-E- L-A-X
2019,17,1,161,Jordan Reed,WSH,TE,Christopher Pascual,R-E- L-A-X
2019,17,2,162,Robbie Gould,SF,K,Darwin Hu,Team Hu
2019,17,3,163,Deion Jones,ATL,LB,Chase Mizoguchi,San Diego Chargers Always
2019,17,4,164,Greg Olsen,SEA,TE,Daniel Ota,Team Ota
2019,17,5,165,Dante Pettis,SF,WR,Prashanth Balaraman,Pimpin Ain't Breesy
2019,17,6,166,Eagles D/ST,PHI,D/ST,Evan Fukumoto,Nicks  Half Chubb
2019,17,7,167,James Washington,PIT,WR,Harvey Wang,Utu Wang Wang
2019,17,8,168,Courtland Sutton,DEN,WR,Justin Ho,Chute Mi 你好
2019,17,9,169,Keke Coutee,HOU,WR,Ikaika Stone,Team Stone
2019,17,10,170,Jake Elliott,PHI,K,Rollin Odama-Wong,2019  Champion
2019,18,1,171,T.J. Hockenson,DET,TE,Rollin Odama-Wong,2019  Champion
2019,18,2,172,Noah Fant,DEN,TE,Ikaika Stone,Team Stone
2019,18,3,173,DK Metcalf,SEA,WR,Justin Ho,Chute Mi 你好
2019,18,4,174,Matt Prater,DET,K,Harvey Wang,Utu Wang Wang
2019,18,5,175,Donte Moncrief,CAR,WR,Evan Fukumoto,Nicks  Half Chubb
2019,18,6,176,Kareem Hunt,CLE,RB,Prashanth Balaraman,Pimpin Ain't Breesy
2019,18,7,177,Mason Crosby,GB,K,Daniel Ota,Team Ota
2019,18,8,178,Nick Foles,JAX,QB,Chase Mizoguchi,San Diego Chargers Always
2019,18,9,179,Golden Tate,NYG,WR,Darwin Hu,Team Hu
2019,18,10,180,Mohamed Sanu Sr.,NE,WR,Christopher Pascual,R-E- L-A-X
2020,1,1,1,Christian McCaffrey,CAR,RB,Justin Ho,Chute Mi 你好
2020,1,2,2,Saquon Barkley,NYG,RB,Daniel Ota,Team Ota
2020,1,3,3,Ezekiel Elliott,DAL,RB,Chase Mizoguchi,Free Win
2020,1,4,4,Dalvin Cook,MIN,RB,Darwin Hu,Team Hu
2020,1,5,5,Michael Thomas,NO,WR,Prashanth Balaraman,Pimpin Ain't Breesy
2020,1,6,6,Alvin Kamara,NO,RB,Harvey Wang,Utu Wang Wang
2020,1,7,7,Lamar Jackson,BAL,QB,Rollin Odama-Wong,2020  Champion
2020,1,8,8,Derrick Henry,TEN,RB,Ikaika Stone,Team Stone
2020,1,9,9,Clyde Edwards-Helaire,KC,RB,Christopher Pascual,EPIC COMEBACK STARTS RN
2020,1,10,10,Josh Jacobs,LV,RB,Evan Fukumoto,TAMPA TOM
2020,2,1,11,Miles Sanders,PHI,RB,Evan Fukumoto,TAMPA TOM
2020,2,2,12,Austin Ekeler,LAC,RB,Christopher Pascual,EPIC COMEBACK STARTS RN
2020,2,3,13,Nick Chubb,CLE,RB,Ikaika Stone,Team Stone
2020,2,4,14,Patrick Mahomes,KC,QB,Rollin Odama-Wong,2020  Champion
2020,2,5,15,Aaron Jones,GB,RB,Harvey Wang,Utu Wang Wang
2020,2,6,16,DeAndre Hopkins,ARI,WR,Prashanth Balaraman,Pimpin Ain't Breesy
2020,2,7,17,Davante Adams,GB,WR,Darwin Hu,Team Hu
2020,2,8,18,Kenyan Drake,ARI,RB,Chase Mizoguchi,Free Win
2020,2,9,19,Julio Jones,ATL,WR,Daniel Ota,Team Ota
2020,2,10,20,Joe Mixon,CIN,RB,Justin Ho,Chute Mi 你好
2020,3,1,21,Travis Kelce,KC,TE,Justin Ho,Chute Mi 你好
2020,3,2,22,George Kittle,SF,TE,Daniel Ota,Team Ota
2020,3,3,23,Chris Godwin,TB,WR,Chase Mizoguchi,Free Win
2020,3,4,24,Tyreek Hill,KC,WR,Darwin Hu,Team Hu
2020,3,5,25,Chris Carson,SEA,RB,Prashanth Balaraman,Pimpin Ain't Breesy
2020,3,6,26,Amari Cooper,DAL,WR,Harvey Wang,Utu Wang Wang
2020,3,7,27,DJ Moore,CAR,WR,Rollin Odama-Wong,2020  Champion
2020,3,8,28,Mike Evans,TB,WR,Ikaika Stone,Team Stone
2020,3,9,29,Le'Veon Bell,KC,RB,Christopher Pascual,EPIC COMEBACK STARTS RN
2020,3,10,30,Adam Thielen,MIN,WR,Evan Fukumoto,TAMPA TOM
2020,4,1,31,Allen Robinson II,CHI,WR,Evan Fukumoto,TAMPA TOM
2020,4,2,32,Deshaun Watson,HOU,QB,Christopher Pascual,EPIC COMEBACK STARTS RN
2020,4,3,33,Mark Andrews,BAL,TE,Ikaika Stone,Team Stone
2020,4,4,34,Kenny Golladay,DET,WR,Rollin Odama-Wong,2020  Champion
2020,4,5,35,Dak Prescott,DAL,QB,Harvey Wang,Utu Wang Wang
2020,4,6,36,Russell Wilson,SEA,QB,Prashanth Balaraman,Pimpin Ain't Breesy
2020,4,7,37,David Johnson,HOU,RB,Darwin Hu,Team Hu
2020,4,8,38,Zach Ertz,PHI,TE,Chase Mizoguchi,Free Win
2020,4,9,39,Kyler Murray,ARI,QB,Daniel Ota,Team Ota
2020,4,10,40,Matt Ryan,ATL,QB,Justin Ho,Chute Mi 你好
2020,5,1,41,JuJu Smith-Schuster,PIT,WR,Justin Ho,Chute Mi 你好
2020,5,2,42,Robert Woods,LAR,WR,Daniel Ota,Team Ota
2020,5,3,43,Josh Allen,BUF,QB,Chase Mizoguchi,Free Win
2020,5,4,44,Odell Beckham Jr.,CLE,WR,Darwin Hu,Team Hu
2020,5,5,45,James Conner,PIT,RB,Prashanth Balaraman,Pimpin Ain't Breesy
2020,5,6,46,Courtland Sutton,DEN,WR,Harvey Wang,Utu Wang Wang
2020,5,7,47,Kareem Hunt,CLE,RB,Rollin Odama-Wong,2020  Champion
2020,5,8,48,A.J. Brown,TEN,WR,Ikaika Stone,Team Stone
2020,5,9,49,Cooper Kupp,LAR,WR,Christopher Pascual,EPIC COMEBACK STARTS RN
2020,5,10,50,Carson Wentz,IND,QB,Evan Fukumoto,TAMPA TOM
2020,6,1,51,Tom Brady,TB,QB,Evan Fukumoto,TAMPA TOM
2020,6,2,52,Tyler Lockett,SEA,WR,Christopher Pascual,EPIC COMEBACK STARTS RN
2020,6,3,53,Drew Brees,NO,QB,Ikaika Stone,Team Stone
2020,6,4,54,Calvin Ridley,ATL,WR,Rollin Odama-Wong,2020  Champion
2020,6,5,55,Todd Gurley II,ATL,RB,Harvey Wang,Utu Wang Wang
2020,6,6,56,Matthew Stafford,LAR,QB,Prashanth Balaraman,Pimpin Ain't Breesy
2020,6,7,57,Aaron Rodgers,GB,QB,Darwin Hu,Team Hu
2020,6,8,58,Keenan Allen,LAC,WR,Chase Mizoguchi,Free Win
2020,6,9,59,Cam Newton,NE,QB,Daniel Ota,Team Ota
2020,6,10,60,T.Y. Hilton,IND,WR,Justin Ho,Chute Mi 你好
2020,7,1,61,Ben Roethlisberger,PIT,QB,Justin Ho,Chute Mi 你好
2020,7,2,62,Melvin Gordon III,DEN,RB,Daniel Ota,Team Ota
2020,7,3,63,Jared Goff,DET,QB,Chase Mizoguchi,Free Win
2020,7,4,64,Rob Gronkowski,TB,TE,Darwin Hu,Team Hu
2020,7,5,65,Jonathan Taylor,IND,RB,Prashanth Balaraman,Pimpin Ain't Breesy
2020,7,6,66,Daniel Jones,NYG,QB,Harvey Wang,Utu Wang Wang
2020,7,7,67,Cam Akers,LAR,RB,Rollin Odama-Wong,2020  Champion
2020,7,8,68,David Montgomery,CHI,RB,Ikaika Stone,Team Stone
2020,7,9,69,Kirk Cousins,MIN,QB,Christopher Pascual,EPIC COMEBACK STARTS RN
2020,7,10,70,Terry McLaurin,WSH,WR,Evan Fukumoto,TAMPA TOM
2020,8,1,71,D'Andre Swift,DET,RB,Evan Fukumoto,TAMPA TOM
2020,8,2,72,Leonard Fournette,TB,RB,Christopher Pascual,EPIC COMEBACK STARTS RN
2020,8,3,73,Devin Singletary,BUF,RB,Ikaika Stone,Team Stone
2020,8,4,74,Darren Waller,LV,TE,Rollin Odama-Wong,2020  Champion
2020,8,5,75,Evan Engram,NYG,TE,Harvey Wang,Utu Wang Wang
2020,8,6,76,Jimmy Garoppolo,SF,QB,Prashanth Balaraman,Pimpin Ain't Breesy
2020,8,7,77,Antonio Gibson,WSH,RB,Darwin Hu,Team Hu
2020,8,8,78,DJ Chark Jr.,JAX,WR,Chase Mizoguchi,Free Win
2020,8,9,79,DK Metcalf,SEA,WR,Daniel Ota,Team Ota
2020,8,10,80,Jarvis Landry,CLE,WR,Justin Ho,Chute Mi 你好
2020,9,1,81,Mark Ingram II,FA,RB,Justin Ho,Chute Mi 你好
2020,9,2,82,DeVante Parker,MIA,WR,Daniel Ota,Team Ota
2020,9,3,83,Raheem Mostert,SF,RB,Chase Mizoguchi,Free Win
2020,9,4,84,Joe Burrow,CIN,QB,Darwin Hu,Team Hu
2020,9,5,85,Hunter Henry,LAC,TE,Prashanth Balaraman,Pimpin Ain't Breesy
2020,9,6,86,Tyler Boyd,CIN,WR,Harvey Wang,Utu Wang Wang
2020,9,7,87,A.J. Green,CIN,WR,Rollin Odama-Wong,2020  Champion
2020,9,8,88,Stefon Diggs,BUF,WR,Ikaika Stone,Team Stone
2020,9,9,89,Will Fuller V,HOU,WR,Christopher Pascual,EPIC COMEBACK STARTS RN
2020,9,10,90,James White,NE,RB,Evan Fukumoto,TAMPA TOM
2020,10,1,91,Jared Cook,FA,TE,Evan Fukumoto,TAMPA TOM
2020,10,2,92,Michael Gallup,DAL,WR,Christopher Pascual,EPIC COMEBACK STARTS RN
2020,10,3,93,Ryan Tannehill,TEN,QB,Ikaika Stone,Team Stone
2020,10,4,94,Marquise Brown,BAL,WR,Rollin Odama-Wong,2020  Champion
2020,10,5,95,Zack Moss,BUF,RB,Harvey Wang,Utu Wang Wang
2020,10,6,96,Julian Edelman,NE,WR,Prashanth Balaraman,Pimpin Ain't Breesy
2020,10,7,97,J.K. Dobbins,BAL,RB,Darwin Hu,Team Hu
2020,10,8,98,Philip Rivers,IND,QB,Chase Mizoguchi,Free Win
2020,10,9,99,Sterling Shepard,NYG,WR,Daniel Ota,Team Ota
2020,10,10,100,Baker Mayfield,CLE,QB,Justin Ho,Chute Mi 你好
2020,11,1,101,49ers D/ST,SF,D/ST,Justin Ho,Chute Mi 你好
2020,11,2,102,Phillip Lindsay,DEN,RB,Daniel Ota,Team Ota
2020,11,3,103,Darius Leonard,IND,LB,Chase Mizoguchi,Free Win
2020,11,4,104,T.J. Watt,PIT,DE,Darwin Hu,Team Hu
2020,11,5,105,Brandin Cooks,HOU,WR,Prashanth Balaraman,Pimpin Ain't Breesy
2020,11,6,106,Tyler Higbee,LAR,TE,Harvey Wang,Utu Wang Wang
2020,11,7,107,Tarik Cohen,CHI,RB,Rollin Odama-Wong,2020  Champion
2020,11,8,108,Drew Lock,DEN,QB,Ikaika Stone,Team Stone
2020,11,9,109,Teddy Bridgewater,CAR,QB,Christopher Pascual,EPIC COMEBACK STARTS RN
2020,11,10,110,Christian Kirk,ARI,WR,Evan Fukumoto,TAMPA TOM
2020,12,1,111,Derek Carr,LV,QB,Evan Fukumoto,TAMPA TOM
2020,12,2,112,Noah Fant,DEN,TE,Christopher Pascual,EPIC COMEBACK STARTS RN
2020,12,3,113,Deebo Samuel,SF,WR,Ikaika Stone,Team Stone
2020,12,4,114,Jordan Howard,PHI,RB,Rollin Odama-Wong,2020  Champion
2020,12,5,115,Gardner Minshew II,JAX,QB,Harvey Wang,Utu Wang Wang
2020,12,6,116,Matt Breida,MIA,RB,Prashanth Balaraman,Pimpin Ain't Breesy
2020,12,7,117,Hayden Hurst,ATL,TE,Darwin Hu,Team Hu
2020,12,8,118,Bills D/ST,BUF,D/ST,Chase Mizoguchi,Free Win
2020,12,9,119,Sam Darnold,NYJ,QB,Daniel Ota,Team Ota
2020,12,10,120,Justin Tucker,BAL,K,Justin Ho,Chute Mi 你好
2020,13,1,121,Marvin Jones Jr.,DET,WR,Justin Ho,Chute Mi 你好
2020,13,2,122,Harrison Butker,KC,K,Daniel Ota,Team Ota
2020,13,3,123,Greg Zuerlein,DAL,K,Chase Mizoguchi,Free Win
2020,13,4,124,Wil Lutz,NO,K,Darwin Hu,Team Hu
2020,13,5,125,Steelers D/ST,PIT,D/ST,Prashanth Balaraman,Pimpin Ain't Breesy
2020,13,6,126,Preston Williams,MIA,WR,Harvey Wang,Utu Wang Wang
2020,13,7,127,Ronald Jones II,TB,RB,Rollin Odama-Wong,2020  Champion
2020,13,8,128,Ravens D/ST,BAL,D/ST,Ikaika Stone,Team Stone
2020,13,9,129,Patriots D/ST,NE,D/ST,Christopher Pascual,EPIC COMEBACK STARTS RN
2020,13,10,130,Colts D/ST,IND,D/ST,Evan Fukumoto,TAMPA TOM
2020,14,1,131,Diontae Johnson,PIT,WR,Evan Fukumoto,TAMPA TOM
2020,14,2,132,Zane Gonzalez,FA,K,Christopher Pascual,EPIC COMEBACK STARTS RN
2020,14,3,133,Kerryon Johnson,DET,RB,Ikaika Stone,Team Stone
2020,14,4,134,CeeDee Lamb,DAL,WR,Rollin Odama-Wong,2020  Champion
2020,14,5,135,Saints D/ST,NO,D/ST,Harvey Wang,Utu Wang Wang
2020,14,6,136,Matt Prater,DET,K,Prashanth Balaraman,Pimpin Ain't Breesy
2020,14,7,137,Latavius Murray,NO,RB,Darwin Hu,Team Hu
2020,14,8,138,Marlon Mack,IND,RB,Chase Mizoguchi,Free Win
2020,14,9,139,Darrell Henderson Jr.,LAR,RB,Daniel Ota,Team Ota
2020,14,10,140,Jamison Crowder,NYJ,WR,Justin Ho,Chute Mi 你好
2020,15,1,141,Jaylon Smith,DAL,LB,Justin Ho,Chute Mi 你好
2020,15,2,142,Bears D/ST,CHI,D/ST,Daniel Ota,Team Ota
2020,15,3,143,Golden Tate,FA,WR,Chase Mizoguchi,Free Win
2020,15,4,144,Shaquil Barrett,TB,DE,Darwin Hu,Team Hu
2020,15,5,145,Bobby Wagner,SEA,LB,Prashanth Balaraman,Pimpin Ain't Breesy
2020,15,6,146,Darius Slayton,NYG,WR,Harvey Wang,Utu Wang Wang
2020,15,7,147,Sony Michel,NE,RB,Rollin Odama-Wong,2020  Champion
2020,15,8,148,Emmanuel Sanders,NO,WR,Ikaika Stone,Team Stone
2020,15,9,149,Blake Martinez,NYG,LB,Christopher Pascual,EPIC COMEBACK STARTS RN
2020,15,10,150,Tevin Coleman,SF,RB,Evan Fukumoto,TAMPA TOM
2020,16,1,151,Robbie Gould,SF,K,Evan Fukumoto,TAMPA TOM
2020,16,2,152,T.J. Hockenson,DET,TE,Christopher Pascual,EPIC COMEBACK STARTS RN
2020,16,3,153,Joe Schobert,JAX,LB,Ikaika Stone,Team Stone
2020,16,4,154,Leighton Vander Esch,DAL,LB,Rollin Odama-Wong,2020  Champion
2020,16,5,155,Cory Littleton,LV,LB,Harvey Wang,Utu Wang Wang
2020,16,6,156,Henry Ruggs III,LV,WR,Prashanth Balaraman,Pimpin Ain't Breesy
2020,16,7,157,Vikings D/ST,MIN,D/ST,Darwin Hu,Team Hu
2020,16,8,158,Mike Gesicki,MIA,TE,Chase Mizoguchi,Free Win
2020,16,9,159,John Brown,BUF,WR,Daniel Ota,Team Ota
2020,16,10,160,Nyheim Hines,IND,RB,Justin Ho,Chute Mi 你好
2020,17,1,161,Alexander Mattison,MIN,RB,Justin Ho,Chute Mi 你好
2020,17,2,162,Jordan Hicks,ARI,LB,Daniel Ota,Team Ota
2020,17,3,163,Duke Johnson,FA,RB,Chase Mizoguchi,Free Win
2020,17,4,164,Chargers D/ST,LAC,D/ST,Darwin Hu,Team Hu
2020,17,5,165,Robby Anderson,CAR,WR,Prashanth Balaraman,Pimpin Ain't Breesy
2020,17,6,166,Chris Thompson,JAX,RB,Harvey Wang,Utu Wang Wang
2020,17,7,167,Buccaneers D/ST,TB,D/ST,Rollin Odama-Wong,2020  Champion
2020,17,8,168,Darrel Williams,KC,RB,Ikaika Stone,Team Stone
2020,17,9,169,Jerry Jeudy,DEN,WR,Christopher Pascual,EPIC COMEBACK STARTS RN
2020,17,10,170,Tua Tagovailoa,MIA,QB,Evan Fukumoto,TAMPA TOM
2020,18,1,171,Zach Cunningham,HOU,LB,Evan Fukumoto,TAMPA TOM
2020,18,2,172,Nick Foles,CHI,QB,Christopher Pascual,EPIC COMEBACK STARTS RN
2020,18,3,173,Chris Boswell,PIT,K,Ikaika Stone,Team Stone
2020,18,4,174,Younghoe Koo,ATL,K,Rollin Odama-Wong,2020  Champion
2020,18,5,175,Rodrigo Blankenship,IND,K,Harvey Wang,Utu Wang Wang
2020,18,6,176,N'Keal Harry,NE,WR,Prashanth Balaraman,Pimpin Ain't Breesy
2020,18,7,177,Dwayne Haskins Jr.,PIT,QB,Darwin Hu,Team Hu
2020,18,8,178,Justin Herbert,LAC,QB,Chase Mizoguchi,Free Win
2020,18,9,179,Boston Scott,PHI,RB,Daniel Ota,Team Ota
2020,18,10,180,Josh Gordon,SEA,WR,Justin Ho,Chute Mi 你好
2021,1,1,1,Dalvin Cook,MIN,RB,Prashanth Balaraman,I Chase Young Kids
2021,1,2,2,Christian McCaffrey,CAR,RB,Harvey Wang,Utu Wang Wang
2021,1,3,3,Alvin Kamara,NO,RB,Chase Mizoguchi,This is  CP3's Year
2021,1,4,4,Derrick Henry,TEN,RB,Christopher Pascual,Unsolicited Dak Pics
2021,1,5,5,Ezekiel Elliott,DAL,RB,Jeffrey Chan,Kick or die Kick
2021,1,6,6,Travis Kelce,KC,TE,Justin Ho,Chute Mi
2021,1,7,7,Patrick Mahomes,KC,QB,Evan Fukumoto,L Factory
2021,1,8,8,Davante Adams,GB,WR,Darwin Hu,   . HU
2021,1,9,9,Austin Ekeler,LAC,RB,Ikaika Stone,Team Stone
2021,1,10,10,Aaron Jones,GB,RB,Rollin Odama-Wong,2020+2021 Champion
2021,2,1,11,Jonathan Taylor,IND,RB,Rollin Odama-Wong,2020+2021 Champion
2021,2,2,12,Tyreek Hill,KC,WR,Ikaika Stone,Team Stone
2021,2,3,13,Nick Chubb,CLE,RB,Darwin Hu,   . HU
2021,2,4,14,Kyler Murray,ARI,QB,Evan Fukumoto,L Factory
2021,2,5,15,Najee Harris,PIT,RB,Justin Ho,Chute Mi
2021,2,6,16,DK Metcalf,SEA,WR,Jeffrey Chan,Kick or die Kick
2021,2,7,17,Antonio Gibson,WSH,RB,Christopher Pascual,Unsolicited Dak Pics
2021,2,8,18,Stefon Diggs,BUF,WR,Chase Mizoguchi,This is  CP3's Year
2021,2,9,19,Saquon Barkley,NYG,RB,Harvey Wang,Utu Wang Wang
2021,2,10,20,DeAndre Hopkins,ARI,WR,Prashanth Balaraman,I Chase Young Kids
2021,3,1,21,Justin Jefferson,MIN,WR,Prashanth Balaraman,I Chase Young Kids
2021,3,2,22,Josh Allen,BUF,QB,Harvey Wang,Utu Wang Wang
2021,3,3,23,Darren Waller,LV,TE,Chase Mizoguchi,This is  CP3's Year
2021,3,4,24,Dak Prescott,DAL,QB,Christopher Pascual,Unsolicited Dak Pics
2021,3,5,25,Miles Sanders,PHI,RB,Jeffrey Chan,Kick or die Kick
2021,3,6,26,Calvin Ridley,ATL,WR,Justin Ho,Chute Mi
2021,3,7,27,Keenan Allen,LAC,WR,Evan Fukumoto,L Factory
2021,3,8,28,Allen Robinson II,CHI,WR,Darwin Hu,   . HU
2021,3,9,29,George Kittle,SF,TE,Ikaika Stone,Team Stone
2021,3,10,30,Lamar Jackson,BAL,QB,Rollin Odama-Wong,2020+2021 Champion
2021,4,1,31,A.J. Brown,TEN,WR,Rollin Odama-Wong,2020+2021 Champion
2021,4,2,32,Aaron Rodgers,GB,QB,Ikaika Stone,Team Stone
2021,4,3,33,Joe Mixon,CIN,RB,Darwin Hu,   . HU
2021,4,4,34,Clyde Edwards-Helaire,KC,RB,Evan Fukumoto,L Factory
2021,4,5,35,Russell Wilson,SEA,QB,Justin Ho,Chute Mi
2021,4,6,36,Tom Brady,TB,QB,Jeffrey Chan,Kick or die Kick
2021,4,7,37,Justin Herbert,LAC,QB,Christopher Pascual,Unsolicited Dak Pics
2021,4,8,38,Matthew Stafford,LAR,QB,Chase Mizoguchi,This is  CP3's Year
2021,4,9,39,Terry McLaurin,WSH,WR,Harvey Wang,Utu Wang Wang
2021,4,10,40,Joe Burrow,CIN,QB,Prashanth Balaraman,I Chase Young Kids
2021,5,1,41,James Robinson,JAX,RB,Prashanth Balaraman,I Chase Young Kids
2021,5,2,42,Tyler Lockett,SEA,WR,Harvey Wang,Utu Wang Wang
2021,5,3,43,Ryan Tannehill,TEN,QB,Chase Mizoguchi,This is  CP3's Year
2021,5,4,44,Robert Woods,LAR,WR,Christopher Pascual,Unsolicited Dak Pics
2021,5,5,45,CeeDee Lamb,DAL,WR,Jeffrey Chan,Kick or die Kick
2021,5,6,46,Cooper Kupp,LAR,WR,Justin Ho,Chute Mi
2021,5,7,47,Chris Carson,SEA,RB,Evan Fukumoto,L Factory
2021,5,8,48,T.J. Hockenson,DET,TE,Darwin Hu,   . HU
2021,5,9,49,David Montgomery,CHI,RB,Ikaika Stone,Team Stone
2021,5,10,50,Amari Cooper,DAL,WR,Rollin Odama-Wong,2020+2021 Champion
2021,6,1,51,Jalen Hurts,PHI,QB,Rollin Odama-Wong,2020+2021 Champion
2021,6,2,52,Adam Thielen,MIN,WR,Ikaika Stone,Team Stone
2021,6,3,53,Baker Mayfield,CLE,QB,Darwin Hu,   . HU
2021,6,4,54,D'Andre Swift,DET,RB,Evan Fukumoto,L Factory
2021,6,5,55,Josh Jacobs,LV,RB,Justin Ho,Chute Mi
2021,6,6,56,Mark Andrews,BAL,TE,Jeffrey Chan,Kick or die Kick
2021,6,7,57,Mike Evans,TB,WR,Christopher Pascual,Unsolicited Dak Pics
2021,6,8,58,Chase Edmonds,ARI,RB,Chase Mizoguchi,This is  CP3's Year
2021,6,9,59,Gus Edwards,BAL,RB,Harvey Wang,Utu Wang Wang
2021,6,10,60,Kyle Pitts,ATL,TE,Prashanth Balaraman,I Chase Young Kids
2021,7,1,61,Matt Ryan,ATL,QB,Prashanth Balaraman,I Chase Young Kids
2021,7,2,62,Noah Fant,DEN,TE,Harvey Wang,Utu Wang Wang
2021,7,3,63,Chris Godwin,TB,WR,Chase Mizoguchi,This is  CP3's Year
2021,7,4,64,Myles Gaskin,MIA,RB,Christopher Pascual,Unsolicited Dak Pics
2021,7,5,65,Tua Tagovailoa,MIA,QB,Jeffrey Chan,Kick or die Kick
2021,7,6,66,Julio Jones,TEN,WR,Justin Ho,Chute Mi
2021,7,7,67,Brandon Aiyuk,SF,WR,Evan Fukumoto,L Factory
2021,7,8,68,Trevor Lawrence,JAX,QB,Darwin Hu,   . HU
2021,7,9,69,Ben Roethlisberger,PIT,QB,Ikaika Stone,Team Stone
2021,7,10,70,Logan Thomas,WSH,TE,Rollin Odama-Wong,2020+2021 Champion
2021,8,1,71,Diontae Johnson,PIT,WR,Rollin Odama-Wong,2020+2021 Champion
2021,8,2,72,DJ Moore,CAR,WR,Ikaika Stone,Team Stone
2021,8,3,73,Tee Higgins,CIN,WR,Darwin Hu,   . HU
2021,8,4,74,Robert Tonyan,GB,TE,Evan Fukumoto,L Factory
2021,8,5,75,Courtland Sutton,DEN,WR,Justin Ho,Chute Mi
2021,8,6,76,Robby Anderson,CAR,WR,Jeffrey Chan,Kick or die Kick
2021,8,7,77,Darrell Henderson Jr.,LAR,RB,Christopher Pascual,Unsolicited Dak Pics
2021,8,8,78,Kareem Hunt,CLE,RB,Chase Mizoguchi,This is  CP3's Year
2021,8,9,79,Jerry Jeudy,DEN,WR,Harvey Wang,Utu Wang Wang
2021,8,10,80,Ja'Marr Chase,CIN,WR,Prashanth Balaraman,I Chase Young Kids
2021,9,1,81,Justin Fields,CHI,QB,Prashanth Balaraman,I Chase Young Kids
2021,9,2,82,Derek Carr,LV,QB,Harvey Wang,Utu Wang Wang
2021,9,3,83,Kenny Golladay,NYG,WR,Chase Mizoguchi,This is  CP3's Year
2021,9,4,84,Brandin Cooks,HOU,WR,Christopher Pascual,Unsolicited Dak Pics
2021,9,5,85,Javonte Williams,DEN,RB,Jeffrey Chan,Kick or die Kick
2021,9,6,86,Mike Davis,ATL,RB,Justin Ho,Chute Mi
2021,9,7,87,Damien Harris,NE,RB,Evan Fukumoto,L Factory
2021,9,8,88,Raheem Mostert,SF,RB,Darwin Hu,   . HU
2021,9,9,89,Sony Michel,LAR,RB,Ikaika Stone,Team Stone
2021,9,10,90,Chase Claypool,PIT,WR,Rollin Odama-Wong,2020+2021 Champion
2021,10,1,91,DeVonta Smith,PHI,WR,Rollin Odama-Wong,2020+2021 Champion
2021,10,2,92,JuJu Smith-Schuster,PIT,WR,Ikaika Stone,Team Stone
2021,10,3,93,Antonio Brown,FA,WR,Darwin Hu,   . HU
2021,10,4,94,Trey Sermon,SF,RB,Evan Fukumoto,L Factory
2021,10,5,95,Laviska Shenault Jr.,JAX,WR,Justin Ho,Chute Mi
2021,10,6,96,Deebo Samuel,SF,WR,Jeffrey Chan,Kick or die Kick
2021,10,7,97,Marquez Callaway,NO,WR,Christopher Pascual,Unsolicited Dak Pics
2021,10,8,98,Mike Gesicki,MIA,TE,Chase Mizoguchi,This is  CP3's Year
2021,10,9,99,Zack Moss,BUF,RB,Harvey Wang,Utu Wang Wang
2021,10,10,100,Michael Thomas,NO,WR,Prashanth Balaraman,I Chase Young Kids
2021,11,1,101,Kenyan Drake,LV,RB,Prashanth Balaraman,I Chase Young Kids
2021,11,2,102,Odell Beckham Jr.,LAR,WR,Harvey Wang,Utu Wang Wang
2021,11,3,103,Daniel Jones,NYG,QB,Chase Mizoguchi,This is  CP3's Year
2021,11,4,104,Jaylen Waddle,MIA,WR,Christopher Pascual,Unsolicited Dak Pics
2021,11,5,105,Jarvis Landry,CLE,WR,Jeffrey Chan,Kick or die Kick
2021,11,6,106,Kirk Cousins,MIN,QB,Justin Ho,Chute Mi
2021,11,7,107,Jakobi Meyers,NE,WR,Evan Fukumoto,L Factory
2021,11,8,108,Trey Lance,SF,QB,Darwin Hu,   . HU
2021,11,9,109,Corey Davis,NYJ,WR,Ikaika Stone,Team Stone
2021,11,10,110,Jameis Winston,NO,QB,Rollin Odama-Wong,2020+2021 Champion
2021,12,1,111,James White,NE,RB,Rollin Odama-Wong,2020+2021 Champion
2021,12,2,112,Ryan Fitzpatrick,WSH,QB,Ikaika Stone,Team Stone
2021,12,3,113,Zach Wilson,NYJ,QB,Darwin Hu,   . HU
2021,12,4,114,Carson Wentz,IND,QB,Evan Fukumoto,L Factory
2021,12,5,115,Buccaneers D/ST,TB,D/ST,Justin Ho,Chute Mi
2021,12,6,116,Ravens D/ST,BAL,D/ST,Jeffrey Chan,Kick or die Kick
2021,12,7,117,Harrison Butker,KC,K,Christopher Pascual,Unsolicited Dak Pics
2021,12,8,118,Rams D/ST,LAR,D/ST,Chase Mizoguchi,This is  CP3's Year
2021,12,9,119,Jared Goff,DET,QB,Harvey Wang,Utu Wang Wang
2021,12,10,120,Devin White,TB,LB,Prashanth Balaraman,I Chase Young Kids
2021,13,1,121,Steelers D/ST,PIT,D/ST,Prashanth Balaraman,I Chase Young Kids
2021,13,2,122,Browns D/ST,CLE,D/ST,Harvey Wang,Utu Wang Wang
2021,13,3,123,Justin Tucker,BAL,K,Chase Mizoguchi,This is  CP3's Year
2021,13,4,124,Sam Darnold,CAR,QB,Christopher Pascual,Unsolicited Dak Pics
2021,13,5,125,Jason Myers,SEA,K,Jeffrey Chan,Kick or die Kick
2021,13,6,126,Melvin Gordon III,DEN,RB,Justin Ho,Chute Mi
2021,13,7,127,49ers D/ST,SF,D/ST,Evan Fukumoto,L Factory
2021,13,8,128,Younghoe Koo,ATL,K,Darwin Hu,   . HU
2021,13,9,129,Leonard Fournette,TB,RB,Ikaika Stone,Team Stone
2021,13,10,130,Mac Jones,NE,QB,Rollin Odama-Wong,2020+2021 Champion
2021,14,1,131,Commanders D/ST,WSH,D/ST,Rollin Odama-Wong,2020+2021 Champion
2021,14,2,132,Matt Gay,LAR,K,Ikaika Stone,Team Stone
2021,14,3,133,Darius Leonard,IND,LB,Darwin Hu,   . HU
2021,14,4,134,Greg Zuerlein,DAL,K,Evan Fukumoto,L Factory
2021,14,5,135,Jason Sanders,MIA,K,Justin Ho,Chute Mi
2021,14,6,136,James Conner,ARI,RB,Jeffrey Chan,Kick or die Kick
2021,14,7,137,Colts D/ST,IND,D/ST,Christopher Pascual,Unsolicited Dak Pics
2021,14,8,138,Nyheim Hines,IND,RB,Chase Mizoguchi,This is  CP3's Year
2021,14,9,139,Blake Martinez,NYG,LB,Harvey Wang,Utu Wang Wang
2021,14,10,140,Tyler Bass,BUF,K,Prashanth Balaraman,I Chase Young Kids
2021,15,1,141,William Fuller V,MIA,WR,Prashanth Balaraman,I Chase Young Kids
2021,15,2,142,Tyler Boyd,CIN,WR,Harvey Wang,Utu Wang Wang
2021,15,3,143,Marquise Brown,BAL,WR,Chase Mizoguchi,This is  CP3's Year
2021,15,4,144,Jonnu Smith,NE,TE,Christopher Pascual,Unsolicited Dak Pics
2021,15,5,145,Jamaal Williams,DET,RB,Jeffrey Chan,Kick or die Kick
2021,15,6,146,Alexander Mattison,MIN,RB,Justin Ho,Chute Mi
2021,15,7,147,Michael Gallup,DAL,WR,Evan Fukumoto,L Factory
2021,15,8,148,Bills D/ST,BUF,D/ST,Darwin Hu,   . HU
2021,15,9,149,Jimmy Garoppolo,SF,QB,Ikaika Stone,Team Stone
2021,15,10,150,AJ Dillon,GB,RB,Rollin Odama-Wong,2020+2021 Champion
2021,16,1,151,Rodrigo Blankenship,IND,K,Rollin Odama-Wong,2020+2021 Champion
2021,16,2,152,Broncos D/ST,DEN,D/ST,Ikaika Stone,Team Stone
2021,16,3,153,Roquan Smith,CHI,LB,Darwin Hu,   . HU
2021,16,4,154,Sterling Shepard,NYG,WR,Evan Fukumoto,L Factory
2021,16,5,155,Dallas Goedert,PHI,TE,Justin Ho,Chute Mi
2021,16,6,156,Zach Cunningham,TEN,LB,Jeffrey Chan,Kick or die Kick
2021,16,7,157,Teddy Bridgewater,DEN,QB,Christopher Pascual,Unsolicited Dak Pics
2021,16,8,158,Jaylon Smith,NYG,LB,Chase Mizoguchi,This is  CP3's Year
2021,16,9,159,J.D. McKissic,WSH,RB,Harvey Wang,Utu Wang Wang
2021,16,10,160,Cole Kmet,CHI,TE,Prashanth Balaraman,I Chase Young Kids
2021,17,1,161,Devin Singletary,BUF,RB,Prashanth Balaraman,I Chase Young Kids
2021,17,2,162,Tyler Higbee,LAR,TE,Harvey Wang,Utu Wang Wang
2021,17,3,163,Mike Williams,LAC,WR,Chase Mizoguchi,This is  CP3's Year
2021,17,4,164,Michael Carter,NYJ,RB,Christopher Pascual,Unsolicited Dak Pics
2021,17,5,165,Tyrod Taylor,HOU,QB,Jeffrey Chan,Kick or die Kick
2021,17,6,166,Fred Warner,SF,LB,Justin Ho,Chute Mi
2021,17,7,167,Eric Kendricks,MIN,LB,Evan Fukumoto,L Factory
2021,17,8,168,T.J. Watt,PIT,DE,Darwin Hu,   . HU
2021,17,9,169,Zaven Collins,ARI,LB,Ikaika Stone,Team Stone
2021,17,10,170,Bobby Wagner,SEA,LB,Rollin Odama-Wong,2020+2021 Champion
2021,18,1,171,Ronald Jones II,TB,RB,Rollin Odama-Wong,2020+2021 Champion
2021,18,2,172,David Johnson,HOU,RB,Ikaika Stone,Team Stone
2021,18,3,173,Marvin Jones Jr.,JAX,WR,Darwin Hu,   . HU
2021,18,4,174,Taysom Hill,NO,QB,Evan Fukumoto,L Factory
2021,18,5,175,Tim Tebow,FA,TE,Justin Ho,Chute Mi
2021,18,6,176,Austin Hooper,CLE,TE,Jeffrey Chan,Kick or die Kick
2021,18,7,177,Lavonte David,TB,LB,Christopher Pascual,Unsolicited Dak Pics
2021,18,8,178,Phillip Lindsay,MIA,RB,Chase Mizoguchi,This is  CP3's Year
2021,18,9,179,Ryan Succop,TB,K,Harvey Wang,Utu Wang Wang
2021,18,10,180,Hunter Henry,NE,TE,Prashanth Balaraman,I Chase Young Kids
2022,1,1,1,Jonathan Taylor,IND,RB,Darwin Hu,   . Tweedle Dame
2022,1,2,2,Christian McCaffrey,SF,RB,Chase Mizoguchi,IF I DON'T WIN THEN I QUIT
2022,1,3,3,Austin Ekeler,LAC,RB,Evan Fukumoto,I hate Rollin
2022,1,4,4,Cooper Kupp,LAR,WR,Jeffrey Chan,Kick or die Kick
2022,1,5,5,Justin Jefferson,MIN,WR,Justin Ho,Chute Mi
2022,1,6,6,Najee Harris,PIT,RB,Harvey Wang,Tweedle Dee-bo
2022,1,7,7,Josh Allen,BUF,QB,Rollin Odama-Wong,2020+2022 Champion
2022,1,8,8,Derrick Henry,TEN,RB,Christopher Pascual,Season Is Over
2022,1,9,9,Ja'Marr Chase,CIN,WR,Prashanth Balaraman,I Chase Young Kids
2022,1,10,10,Dalvin Cook,MIN,RB,Ikaika Stone,Vietokwuegbunam Flashback
2022,2,1,11,Stefon Diggs,BUF,WR,Ikaika Stone,Vietokwuegbunam Flashback
2022,2,2,12,D'Andre Swift,DET,RB,Prashanth Balaraman,I Chase Young Kids
2022,2,3,13,Travis Kelce,KC,TE,Christopher Pascual,Season Is Over
2022,2,4,14,Joe Mixon,CIN,RB,Rollin Odama-Wong,2020+2022 Champion
2022,2,5,15,Deebo Samuel,SF,WR,Harvey Wang,Tweedle Dee-bo
2022,2,6,16,Mark Andrews,BAL,TE,Justin Ho,Chute Mi
2022,2,7,17,Davante Adams,LV,WR,Jeffrey Chan,Kick or die Kick
2022,2,8,18,Alvin Kamara,NO,RB,Evan Fukumoto,I hate Rollin
2022,2,9,19,Tyreek Hill,MIA,WR,Chase Mizoguchi,IF I DON'T WIN THEN I QUIT
2022,2,10,20,Saquon Barkley,NYG,RB,Darwin Hu,   . Tweedle Dame
2022,3,1,21,Justin Herbert,LAC,QB,Darwin Hu,   . Tweedle Dame
2022,3,2,22,Leonard Fournette,FA,RB,Chase Mizoguchi,IF I DON'T WIN THEN I QUIT
2022,3,3,23,Aaron Jones,GB,RB,Evan Fukumoto,I hate Rollin
2022,3,4,24,James Conner,ARI,RB,Jeffrey Chan,Kick or die Kick
2022,3,5,25,CeeDee Lamb,DAL,WR,Justin Ho,Chute Mi
2022,3,6,26,Nick Chubb,CLE,RB,Harvey Wang,Tweedle Dee-bo
2022,3,7,27,Javonte Williams,DEN,RB,Rollin Odama-Wong,2020+2022 Champion
2022,3,8,28,Keenan Allen,LAC,WR,Christopher Pascual,Season Is Over
2022,3,9,29,David Montgomery,DET,RB,Prashanth Balaraman,I Chase Young Kids
2022,3,10,30,Mike Evans,TB,WR,Ikaika Stone,Vietokwuegbunam Flashback
2022,4,1,31,Patrick Mahomes,KC,QB,Ikaika Stone,Vietokwuegbunam Flashback
2022,4,2,32,A.J. Brown,PHI,WR,Prashanth Balaraman,I Chase Young Kids
2022,4,3,33,Lamar Jackson,BAL,QB,Christopher Pascual,Season Is Over
2022,4,4,34,DJ Moore,CHI,WR,Rollin Odama-Wong,2020+2022 Champion
2022,4,5,35,Diontae Johnson,PIT,WR,Harvey Wang,Tweedle Dee-bo
2022,4,6,36,Ezekiel Elliott,FA,RB,Justin Ho,Chute Mi
2022,4,7,37,Tee Higgins,CIN,WR,Jeffrey Chan,Kick or die Kick
2022,4,8,38,Michael Pittman Jr.,IND,WR,Evan Fukumoto,I hate Rollin
2022,4,9,39,Kyle Pitts,ATL,TE,Chase Mizoguchi,IF I DON'T WIN THEN I QUIT
2022,4,10,40,Terry McLaurin,WSH,WR,Darwin Hu,   . Tweedle Dame
2022,5,1,41,Courtland Sutton,DEN,WR,Darwin Hu,   . Tweedle Dame
2022,5,2,42,Mike Williams,LAC,WR,Chase Mizoguchi,IF I DON'T WIN THEN I QUIT
2022,5,3,43,Darren Waller,NYG,TE,Evan Fukumoto,I hate Rollin
2022,5,4,44,George Kittle,SF,TE,Jeffrey Chan,Kick or die Kick
2022,5,5,45,Cam Akers,LAR,RB,Justin Ho,Chute Mi
2022,5,6,46,Jalen Hurts,PHI,QB,Harvey Wang,Tweedle Dee-bo
2022,5,7,47,Chris Godwin,TB,WR,Rollin Odama-Wong,2020+2022 Champion
2022,5,8,48,Tom Brady,TB,QB,Christopher Pascual,Season Is Over
2022,5,9,49,Breece Hall,NYJ,RB,Prashanth Balaraman,I Chase Young Kids
2022,5,10,50,Kyler Murray,ARI,QB,Ikaika Stone,Vietokwuegbunam Flashback
2022,6,1,51,Dalton Schultz,HOU,TE,Ikaika Stone,Vietokwuegbunam Flashback
2022,6,2,52,Aaron Rodgers,GB,QB,Prashanth Balaraman,I Chase Young Kids
2022,6,3,53,Travis Etienne Jr.,JAX,RB,Christopher Pascual,Season Is Over
2022,6,4,54,Russell Wilson,DEN,QB,Rollin Odama-Wong,2020+2022 Champion
2022,6,5,55,Jaylen Waddle,MIA,WR,Harvey Wang,Tweedle Dee-bo
2022,6,6,56,Joe Burrow,CIN,QB,Justin Ho,Chute Mi
2022,6,7,57,Dak Prescott,DAL,QB,Jeffrey Chan,Kick or die Kick
2022,6,8,58,Trey Lance,SF,QB,Evan Fukumoto,I hate Rollin
2022,6,9,59,Marquise Brown,ARI,WR,Chase Mizoguchi,IF I DON'T WIN THEN I QUIT
2022,6,10,60,DK Metcalf,SEA,WR,Darwin Hu,   . Tweedle Dame
2022,7,1,61,Matthew Stafford,LAR,QB,Darwin Hu,   . Tweedle Dame
2022,7,2,62,Josh Jacobs,LV,RB,Chase Mizoguchi,IF I DON'T WIN THEN I QUIT
2022,7,3,63,Kirk Cousins,MIN,QB,Evan Fukumoto,I hate Rollin
2022,7,4,64,Derek Carr,NO,QB,Jeffrey Chan,Kick or die Kick
2022,7,5,65,Tua Tagovailoa,MIA,QB,Justin Ho,Chute Mi
2022,7,6,66,Devin Singletary,HOU,RB,Harvey Wang,Tweedle Dee-bo
2022,7,7,67,Brandin Cooks,DAL,WR,Rollin Odama-Wong,2020+2022 Champion
2022,7,8,68,Amon-Ra St. Brown,DET,WR,Christopher Pascual,Season Is Over
2022,7,9,69,Justin Fields,CHI,QB,Prashanth Balaraman,I Chase Young Kids
2022,7,10,70,Allen Robinson II,LAR,WR,Ikaika Stone,Vietokwuegbunam Flashback
2022,8,1,71,Elijah Mitchell,SF,RB,Ikaika Stone,Vietokwuegbunam Flashback
2022,8,2,72,Jerry Jeudy,DEN,WR,Prashanth Balaraman,I Chase Young Kids
2022,8,3,73,Adam Thielen,FA,WR,Christopher Pascual,Season Is Over
2022,8,4,74,Dallas Goedert,PHI,TE,Rollin Odama-Wong,2020+2022 Champion
2022,8,5,75,T.J. Hockenson,MIN,TE,Harvey Wang,Tweedle Dee-bo
2022,8,6,76,J.K. Dobbins,BAL,RB,Justin Ho,Chute Mi
2022,8,7,77,Miles Sanders,CAR,RB,Jeffrey Chan,Kick or die Kick
2022,8,8,78,Darnell Mooney,CHI,WR,Evan Fukumoto,I hate Rollin
2022,8,9,79,Trevor Lawrence,JAX,QB,Chase Mizoguchi,IF I DON'T WIN THEN I QUIT
2022,8,10,80,Dameon Pierce,HOU,RB,Darwin Hu,   . Tweedle Dame
2022,9,1,81,Michael Thomas,NO,WR,Darwin Hu,   . Tweedle Dame
2022,9,2,82,Matt Ryan,FA,QB,Chase Mizoguchi,IF I DON'T WIN THEN I QUIT
2022,9,3,83,Elijah Moore,NYJ,WR,Evan Fukumoto,I hate Rollin
2022,9,4,84,Gabe Davis,BUF,WR,Jeffrey Chan,Kick or die Kick
2022,9,5,85,Drake London,ATL,WR,Justin Ho,Chute Mi
2022,9,6,86,Jameis Winston,NO,QB,Harvey Wang,Tweedle Dee-bo
2022,9,7,87,AJ Dillon,GB,RB,Rollin Odama-Wong,2020+2022 Champion
2022,9,8,88,Chase Edmonds,TB,RB,Christopher Pascual,Season Is Over
2022,9,9,89,Foyesade Oluokun,JAX,LB,Prashanth Balaraman,I Chase Young Kids
2022,9,10,90,Byron Murphy Jr.,MIN,CB,Ikaika Stone,Vietokwuegbunam Flashback
2022,10,1,91,Clyde Edwards-Helaire,KC,RB,Ikaika Stone,Vietokwuegbunam Flashback
2022,10,2,92,Zach Ertz,ARI,TE,Prashanth Balaraman,I Chase Young Kids
2022,10,3,93,Adrian Clayborn,FA,DE,Christopher Pascual,Season Is Over
2022,10,4,94,Rodney McLeod Jr.,IND,S,Rollin Odama-Wong,2020+2022 Champion
2022,10,5,95,Jalen Reeves-Maybin,FA,LB,Harvey Wang,Tweedle Dee-bo
2022,10,6,96,Jack Sanborn,CHI,LB,Justin Ho,Chute Mi
2022,10,7,97,Justin Tucker,BAL,K,Jeffrey Chan,Kick or die Kick
2022,10,8,98,Anthony Walker Jr.,CLE,LB,Evan Fukumoto,I hate Rollin
2022,10,9,99,Javian Hawkins,FA,RB,Chase Mizoguchi,IF I DON'T WIN THEN I QUIT
2022,10,10,100,Dawson Knox,BUF,TE,Darwin Hu,   . Tweedle Dame
2022,11,1,101,Cameron Goode,MIA,DE,Darwin Hu,   . Tweedle Dame
2022,11,2,102,Daniel Jones,NYG,QB,Chase Mizoguchi,IF I DON'T WIN THEN I QUIT
2022,11,3,103,Anthony Brown,DAL,CB,Evan Fukumoto,I hate Rollin
2022,11,4,104,Bills D/ST,BUF,D/ST,Jeffrey Chan,Kick or die Kick
2022,11,5,105,Alex Highsmith,PIT,DE,Justin Ho,Chute Mi
2022,11,6,106,Anthony Nelson,WSH,DE,Harvey Wang,Tweedle Dee-bo
2022,11,7,107,Mario Addison,FA,DE,Rollin Odama-Wong,2020+2022 Champion
2022,11,8,108,Irv Smith Jr.,MIN,TE,Christopher Pascual,Season Is Over
2022,11,9,109,Mac Jones,NE,QB,Prashanth Balaraman,I Chase Young Kids
2022,11,10,110,Dalvin Tomlinson,CLE,DT,Ikaika Stone,Vietokwuegbunam Flashback
2022,12,1,111,Uchenna Nwosu,SEA,DE,Ikaika Stone,Vietokwuegbunam Flashback
2022,12,2,112,Justin Strnad,DEN,LB,Prashanth Balaraman,I Chase Young Kids
2022,12,3,113,Ben Burr-Kirven,FA,LB,Christopher Pascual,Season Is Over
2022,12,4,114,Carson Wentz,FA,QB,Rollin Odama-Wong,2020+2022 Champion
2022,12,5,115,Kenny Clark,GB,DT,Harvey Wang,Tweedle Dee-bo
2022,12,6,116,Sean Murphy-Bunting,TEN,CB,Justin Ho,Chute Mi
2022,12,7,117,Jordyn Brooks,SEA,LB,Jeffrey Chan,Kick or die Kick
2022,12,8,118,Benning Potoa'e,WSH,DT,Evan Fukumoto,I hate Rollin
2022,12,9,119,Bilal Nichols,LV,DT,Chase Mizoguchi,IF I DON'T WIN THEN I QUIT
2022,12,10,120,Edmond Robinson,FA,LB,Darwin Hu,   . Tweedle Dame
2022,13,1,121,Ryan Tannehill,TEN,QB,Darwin Hu,   . Tweedle Dame
2022,13,2,122,Mike Gesicki,NE,TE,Chase Mizoguchi,IF I DON'T WIN THEN I QUIT
2022,13,3,123,Terrell Bonds,FA,CB,Evan Fukumoto,I hate Rollin
2022,13,4,124,Noah Fant,SEA,TE,Jeffrey Chan,Kick or die Kick
2022,13,5,125,Hamilcar Rashed Jr.,TB,DE,Justin Ho,Chute Mi
2022,13,6,126,Carlton Davis III,TB,CB,Harvey Wang,Tweedle Dee-bo
2022,13,7,127,DaVon Hamilton,JAX,DT,Rollin Odama-Wong,2020+2022 Champion
2022,13,8,128,Ronnie Perkins,NE,DE,Christopher Pascual,Season Is Over
2022,13,9,129,Quincy Wilson,FA,CB,Prashanth Balaraman,I Chase Young Kids
2022,13,10,130,Deshaun Watson,CLE,QB,Ikaika Stone,Vietokwuegbunam Flashback
2022,14,1,131,Kamu Grugier-Hill,ARI,LB,Ikaika Stone,Vietokwuegbunam Flashback
2022,14,2,132,Bruce Irvin,SEA,DE,Prashanth Balaraman,I Chase Young Kids
2022,14,3,133,Baker Mayfield,TB,QB,Christopher Pascual,Season Is Over
2022,14,4,134,Frank Clark,KC,DE,Rollin Odama-Wong,2020+2022 Champion
2022,14,5,135,Geno Atkins,FA,DT,Harvey Wang,Tweedle Dee-bo
2022,14,6,136,Joe Tryon-Shoyinka,TB,DE,Justin Ho,Chute Mi
2022,14,7,137,Rhamondre Stevenson,NE,RB,Jeffrey Chan,Kick or die Kick
2022,14,8,138,Davis Mills,HOU,QB,Evan Fukumoto,I hate Rollin
2022,14,9,139,Ty Summers,NO,LB,Chase Mizoguchi,IF I DON'T WIN THEN I QUIT
2022,14,10,140,Alontae Taylor,NO,CB,Darwin Hu,   . Tweedle Dame
2022,15,1,141,Cole Kmet,CHI,TE,Darwin Hu,   . Tweedle Dame
2022,15,2,142,Joejuan Williams,NE,CB,Chase Mizoguchi,IF I DON'T WIN THEN I QUIT
2022,15,3,143,Nick Bellore,SEA,RB,Evan Fukumoto,I hate Rollin
2022,15,4,144,Roquan Smith,BAL,LB,Jeffrey Chan,Kick or die Kick
2022,15,5,145,Packers D/ST,GB,D/ST,Justin Ho,Chute Mi
2022,15,6,146,Buccaneers D/ST,TB,D/ST,Harvey Wang,Tweedle Dee-bo
2022,15,7,147,Tyler Bass,BUF,K,Rollin Odama-Wong,2020+2022 Champion
2022,15,8,148,Saints D/ST,NO,D/ST,Christopher Pascual,Season Is Over
2022,15,9,149,Garrett Wilson,NYJ,WR,Prashanth Balaraman,I Chase Young Kids
2022,15,10,150,Matt Gay,IND,K,Ikaika Stone,Vietokwuegbunam Flashback
2022,16,1,151,Rasul Douglas,GB,CB,Ikaika Stone,Vietokwuegbunam Flashback
2022,16,2,152,49ers D/ST,SF,D/ST,Prashanth Balaraman,I Chase Young Kids
2022,16,3,153,Evan McPherson,CIN,K,Christopher Pascual,Season Is Over
2022,16,4,154,Bobby Wagner,FA,LB,Rollin Odama-Wong,2020+2022 Champion
2022,16,5,155,Harrison Butker,KC,K,Harvey Wang,Tweedle Dee-bo
2022,16,6,156,De'Vondre Campbell,GB,LB,Justin Ho,Chute Mi
2022,16,7,157,T.J. Watt,PIT,DE,Jeffrey Chan,Kick or die Kick
2022,16,8,158,Daniel Carlson,LV,K,Evan Fukumoto,I hate Rollin
2022,16,9,159,Brandon McManus,DEN,K,Chase Mizoguchi,IF I DON'T WIN THEN I QUIT
2022,16,10,160,Ryan Succop,TB,K,Darwin Hu,   . Tweedle Dame
2022,17,1,161,Colts D/ST,IND,D/ST,Darwin Hu,   . Tweedle Dame
2022,17,2,162,Chargers D/ST,LAC,D/ST,Chase Mizoguchi,IF I DON'T WIN THEN I QUIT
2022,17,3,163,Shaquille Leonard,IND,LB,Evan Fukumoto,I hate Rollin
2022,17,4,164,Kareem Hunt,CLE,RB,Jeffrey Chan,Kick or die Kick
2022,17,5,165,Nick Folk,NE,K,Justin Ho,Chute Mi
2022,17,6,166,Fred Warner,SF,LB,Harvey Wang,Tweedle Dee-bo
2022,17,7,167,Michael Gallup,DAL,WR,Rollin Odama-Wong,2020+2022 Champion
2022,17,8,168,Jahan Dotson,WSH,WR,Christopher Pascual,Season Is Over
2022,17,9,169,Hunter Henry,NE,TE,Prashanth Balaraman,I Chase Young Kids
2022,17,10,170,Ravens D/ST,BAL,D/ST,Ikaika Stone,Vietokwuegbunam Flashback
2022,18,1,171,Devin White,TB,LB,Ikaika Stone,Vietokwuegbunam Flashback
2022,18,2,172,Wil Lutz,NO,K,Prashanth Balaraman,I Chase Young Kids
2022,18,3,173,Cole Holcomb,PIT,LB,Christopher Pascual,Season Is Over
2022,18,4,174,Broncos D/ST,DEN,D/ST,Rollin Odama-Wong,2020+2022 Champion
2022,18,5,175,Jared Goff,DET,QB,Harvey Wang,Tweedle Dee-bo
2022,18,6,176,Chase Claypool,CHI,WR,Justin Ho,Chute Mi
2022,18,7,177,Derwin James Jr.,LAC,S,Jeffrey Chan,Kick or die Kick
2022,18,8,178,Titans D/ST,TEN,D/ST,Evan Fukumoto,I hate Rollin
2022,18,9,179,Micah Parsons,DAL,LB,Chase Mizoguchi,IF I DON'T WIN THEN I QUIT
2022,18,10,180,Logan Wilson,CIN,LB,Darwin Hu,   . Tweedle Dame
2023,1,1,1,Justin Jefferson,MIN,WR,Harvey Wang,CeeDeez Nuts In Ur Mout
2023,1,2,2,Ja'Marr Chase,CIN,WR,Justin Ho,1-800-273-8255 @ 0:37-041
2023,1,3,3,Christian McCaffrey,SF,RB,Jeffrey Chan,Kick or die Kick
2023,1,4,4,Jalen Hurts,PHI,QB,Darwin Hu, 1ST TEAM ALL GLAZER
2023,1,5,5,Travis Kelce,KC,TE,Christopher Pascual,This Is Jahmyr's Team
2023,1,6,6,Austin Ekeler,WSH,RB,Chase Mizoguchi,I WANT TO KILL MYSELF
2023,1,7,7,Patrick Mahomes,KC,QB,Ikaika Stone,Vietokwuegbunam Flashback
2023,1,8,8,Cooper Kupp,LAR,WR,Prashanth Balaraman,Damardiac Arrest
2023,1,9,9,Josh Allen,BUF,QB,Rollin Odama-Wong,2020+2022+2023 Champion
2023,1,10,10,Tyreek Hill,MIA,WR,Evan Fukumoto,Little munchkin 
2023,2,1,11,Saquon Barkley,PHI,RB,Evan Fukumoto,Little munchkin 
2023,2,2,12,Bijan Robinson,ATL,RB,Rollin Odama-Wong,2020+2022+2023 Champion
2023,2,3,13,Davante Adams,LV,WR,Prashanth Balaraman,Damardiac Arrest
2023,2,4,14,Stefon Diggs,BUF,WR,Ikaika Stone,Vietokwuegbunam Flashback
2023,2,5,15,Josh Jacobs,GB,RB,Chase Mizoguchi,I WANT TO KILL MYSELF
2023,2,6,16,Derrick Henry,BAL,RB,Christopher Pascual,This Is Jahmyr's Team
2023,2,7,17,Tony Pollard,TEN,RB,Darwin Hu, 1ST TEAM ALL GLAZER
2023,2,8,18,Lamar Jackson,BAL,QB,Jeffrey Chan,Kick or die Kick
2023,2,9,19,Nick Chubb,CLE,RB,Justin Ho,1-800-273-8255 @ 0:37-041
2023,2,10,20,Garrett Wilson,NYJ,WR,Harvey Wang,CeeDeez Nuts In Ur Mout
2023,3,1,21,Joe Burrow,CIN,QB,Harvey Wang,CeeDeez Nuts In Ur Mout
2023,3,2,22,CeeDee Lamb,DAL,WR,Justin Ho,1-800-273-8255 @ 0:37-041
2023,3,3,23,Mark Andrews,BAL,TE,Jeffrey Chan,Kick or die Kick
2023,3,4,24,A.J. Brown,PHI,WR,Darwin Hu, 1ST TEAM ALL GLAZER
2023,3,5,25,Jahmyr Gibbs,DET,RB,Christopher Pascual,This Is Jahmyr's Team
2023,3,6,26,Amon-Ra St. Brown,DET,WR,Chase Mizoguchi,I WANT TO KILL MYSELF
2023,3,7,27,Jaylen Waddle,MIA,WR,Ikaika Stone,Vietokwuegbunam Flashback
2023,3,8,28,Travis Etienne Jr.,JAX,RB,Prashanth Balaraman,Damardiac Arrest
2023,3,9,29,Chris Olave,NO,WR,Rollin Odama-Wong,2020+2022+2023 Champion
2023,3,10,30,Justin Fields,PIT,QB,Evan Fukumoto,Little munchkin 
2023,4,1,31,DeVonta Smith,PHI,WR,Evan Fukumoto,Little munchkin 
2023,4,2,32,Tee Higgins,CIN,WR,Rollin Odama-Wong,2020+2022+2023 Champion
2023,4,3,33,Justin Herbert,LAC,QB,Prashanth Balaraman,Damardiac Arrest
2023,4,4,34,Joe Mixon,HOU,RB,Ikaika Stone,Vietokwuegbunam Flashback
2023,4,5,35,Calvin Ridley,TEN,WR,Chase Mizoguchi,I WANT TO KILL MYSELF
2023,4,6,36,Deshaun Watson,CLE,QB,Christopher Pascual,This Is Jahmyr's Team
2023,4,7,37,Rhamondre Stevenson,NE,RB,Darwin Hu, 1ST TEAM ALL GLAZER
2023,4,8,38,Deebo Samuel,SF,WR,Jeffrey Chan,Kick or die Kick
2023,4,9,39,Najee Harris,PIT,RB,Justin Ho,1-800-273-8255 @ 0:37-041
2023,4,10,40,Aaron Jones,MIN,RB,Harvey Wang,CeeDeez Nuts In Ur Mout
2023,5,1,41,DK Metcalf,SEA,WR,Harvey Wang,CeeDeez Nuts In Ur Mout
2023,5,2,42,Alexander Mattison,LV,RB,Justin Ho,1-800-273-8255 @ 0:37-041
2023,5,3,43,Keenan Allen,CHI,WR,Jeffrey Chan,Kick or die Kick
2023,5,4,44,Trevor Lawrence,JAX,QB,Darwin Hu, 1ST TEAM ALL GLAZER
2023,5,5,45,Amari Cooper,CLE,WR,Christopher Pascual,This Is Jahmyr's Team
2023,5,6,46,Chris Godwin,TB,WR,Chase Mizoguchi,I WANT TO KILL MYSELF
2023,5,7,47,T.J. Hockenson,MIN,TE,Ikaika Stone,Vietokwuegbunam Flashback
2023,5,8,48,Dameon Pierce,HOU,RB,Prashanth Balaraman,Damardiac Arrest
2023,5,9,49,DeAndre Hopkins,TEN,WR,Rollin Odama-Wong,2020+2022+2023 Champion
2023,5,10,50,Christian Watson,GB,WR,Evan Fukumoto,Little munchkin 
2023,6,1,51,Tua Tagovailoa,MIA,QB,Evan Fukumoto,Little munchkin 
2023,6,2,52,Anthony Richardson,IND,QB,Rollin Odama-Wong,2020+2022+2023 Champion
2023,6,3,53,Darren Waller,NYG,TE,Prashanth Balaraman,Damardiac Arrest
2023,6,4,54,Dak Prescott,DAL,QB,Ikaika Stone,Vietokwuegbunam Flashback
2023,6,5,55,Kirk Cousins,ATL,QB,Chase Mizoguchi,I WANT TO KILL MYSELF
2023,6,6,56,Mike Williams,NYJ,WR,Christopher Pascual,This Is Jahmyr's Team
2023,6,7,57,Tyler Lockett,SEA,WR,Darwin Hu, 1ST TEAM ALL GLAZER
2023,6,8,58,Rachaad White,TB,RB,Jeffrey Chan,Kick or die Kick
2023,6,9,59,Aaron Rodgers,NYJ,QB,Justin Ho,1-800-273-8255 @ 0:37-041
2023,6,10,60,James Conner,ARI,RB,Harvey Wang,CeeDeez Nuts In Ur Mout
2023,7,1,61,Daniel Jones,NYG,QB,Harvey Wang,CeeDeez Nuts In Ur Mout
2023,7,2,62,Mike Evans,TB,WR,Justin Ho,1-800-273-8255 @ 0:37-041
2023,7,3,63,Geno Smith,SEA,QB,Jeffrey Chan,Kick or die Kick
2023,7,4,64,DJ Moore,CHI,WR,Darwin Hu, 1ST TEAM ALL GLAZER
2023,7,5,65,Breece Hall,NYJ,RB,Christopher Pascual,This Is Jahmyr's Team
2023,7,6,66,Jared Goff,DET,QB,Chase Mizoguchi,I WANT TO KILL MYSELF
2023,7,7,67,Kenneth Walker III,SEA,RB,Ikaika Stone,Vietokwuegbunam Flashback
2023,7,8,68,Derek Carr,NO,QB,Prashanth Balaraman,Damardiac Arrest
2023,7,9,69,Miles Sanders,CAR,RB,Rollin Odama-Wong,2020+2022+2023 Champion
2023,7,10,70,Cam Akers,MIN,RB,Evan Fukumoto,Little munchkin 
2023,8,1,71,Alvin Kamara,NO,RB,Evan Fukumoto,Little munchkin 
2023,8,2,72,J.K. Dobbins,BAL,RB,Rollin Odama-Wong,2020+2022+2023 Champion
2023,8,3,73,David Montgomery,DET,RB,Prashanth Balaraman,Damardiac Arrest
2023,8,4,74,Diontae Johnson,CAR,WR,Ikaika Stone,Vietokwuegbunam Flashback
2023,8,5,75,Marquise Brown,KC,WR,Chase Mizoguchi,I WANT TO KILL MYSELF
2023,8,6,76,Terry McLaurin,WSH,WR,Christopher Pascual,This Is Jahmyr's Team
2023,8,7,77,George Kittle,SF,TE,Darwin Hu, 1ST TEAM ALL GLAZER
2023,8,8,78,James Cook,BUF,RB,Jeffrey Chan,Kick or die Kick
2023,8,9,79,Kyle Pitts,ATL,TE,Justin Ho,1-800-273-8255 @ 0:37-041
2023,8,10,80,Javonte Williams,DEN,RB,Harvey Wang,CeeDeez Nuts In Ur Mout
2023,9,1,81,Dallas Goedert,PHI,TE,Harvey Wang,CeeDeez Nuts In Ur Mout
2023,9,2,82,George Pickens,PIT,WR,Justin Ho,1-800-273-8255 @ 0:37-041
2023,9,3,83,Drake London,ATL,WR,Jeffrey Chan,Kick or die Kick
2023,9,4,84,Brandon Aiyuk,SF,WR,Darwin Hu, 1ST TEAM ALL GLAZER
2023,9,5,85,Russell Wilson,PIT,QB,Christopher Pascual,This Is Jahmyr's Team
2023,9,6,86,Evan Engram,JAX,TE,Chase Mizoguchi,I WANT TO KILL MYSELF
2023,9,7,87,Khalil Herbert,CHI,RB,Ikaika Stone,Vietokwuegbunam Flashback
2023,9,8,88,Jonathan Taylor,IND,RB,Prashanth Balaraman,Damardiac Arrest
2023,9,9,89,Pat Freiermuth,PIT,TE,Rollin Odama-Wong,2020+2022+2023 Champion
2023,9,10,90,Christian Kirk,JAX,WR,Evan Fukumoto,Little munchkin 
2023,10,1,91,Brian Robinson Jr.,WSH,RB,Evan Fukumoto,Little munchkin 
2023,10,2,92,Jerry Jeudy,CLE,WR,Rollin Odama-Wong,2020+2022+2023 Champion
2023,10,3,93,Skyy Moore,KC,WR,Prashanth Balaraman,Damardiac Arrest
2023,10,4,94,D'Andre Swift,CHI,RB,Ikaika Stone,Vietokwuegbunam Flashback
2023,10,5,95,Isiah Pacheco,KC,RB,Chase Mizoguchi,I WANT TO KILL MYSELF
2023,10,6,96,Kyler Murray,ARI,QB,Christopher Pascual,This Is Jahmyr's Team
2023,10,7,97,Jahan Dotson,WSH,WR,Darwin Hu, 1ST TEAM ALL GLAZER
2023,10,8,98,Matthew Stafford,LAR,QB,Jeffrey Chan,Kick or die Kick
2023,10,9,99,Kenny Pickett,PHI,QB,Justin Ho,1-800-273-8255 @ 0:37-041
2023,10,10,100,Michael Pittman Jr.,IND,WR,Harvey Wang,CeeDeez Nuts In Ur Mout
2023,11,1,101,AJ Dillon,GB,RB,Harvey Wang,CeeDeez Nuts In Ur Mout
2023,11,2,102,Dalvin Cook,BAL,RB,Justin Ho,1-800-273-8255 @ 0:37-041
2023,11,3,103,Foyesade Oluokun,JAX,LB,Jeffrey Chan,Kick or die Kick
2023,11,4,104,Jordan Addison,MIN,WR,Darwin Hu, 1ST TEAM ALL GLAZER
2023,11,5,105,Michael Thomas,NO,WR,Christopher Pascual,This Is Jahmyr's Team
2023,11,6,106,Brock Purdy,SF,QB,Chase Mizoguchi,I WANT TO KILL MYSELF
2023,11,7,107,Courtland Sutton,DEN,WR,Ikaika Stone,Vietokwuegbunam Flashback
2023,11,8,108,Jaxon Smith-Njigba,SEA,WR,Prashanth Balaraman,Damardiac Arrest
2023,11,9,109,Sam Howell,SEA,QB,Rollin Odama-Wong,2020+2022+2023 Champion
2023,11,10,110,Zay Flowers,BAL,WR,Evan Fukumoto,Little munchkin 
2023,12,1,111,Jordan Love,GB,QB,Evan Fukumoto,Little munchkin 
2023,12,2,112,Gabe Davis,JAX,WR,Rollin Odama-Wong,2020+2022+2023 Champion
2023,12,3,113,C.J. Stroud,HOU,QB,Prashanth Balaraman,Damardiac Arrest
2023,12,4,114,Brandin Cooks,DAL,WR,Ikaika Stone,Vietokwuegbunam Flashback
2023,12,5,115,Odell Beckham Jr.,FA,WR,Chase Mizoguchi,I WANT TO KILL MYSELF
2023,12,6,116,Jamaal Williams,NO,RB,Christopher Pascual,This Is Jahmyr's Team
2023,12,7,117,Antonio Gibson,NE,RB,Darwin Hu, 1ST TEAM ALL GLAZER
2023,12,8,118,Justin Tucker,BAL,K,Jeffrey Chan,Kick or die Kick
2023,12,9,119,Ezekiel Elliott,NE,RB,Justin Ho,1-800-273-8255 @ 0:37-041
2023,12,10,120,Jakobi Meyers,LV,WR,Harvey Wang,CeeDeez Nuts In Ur Mout
2023,13,1,121,Saints D/ST,NO,D/ST,Harvey Wang,CeeDeez Nuts In Ur Mout
2023,13,2,122,Cowboys D/ST,DAL,D/ST,Justin Ho,1-800-273-8255 @ 0:37-041
2023,13,3,123,Raheem Mostert,MIA,RB,Jeffrey Chan,Kick or die Kick
2023,13,4,124,Zach Charbonnet,SEA,RB,Darwin Hu, 1ST TEAM ALL GLAZER
2023,13,5,125,Elijah Mitchell,SF,RB,Christopher Pascual,This Is Jahmyr's Team
2023,13,6,126,49ers D/ST,SF,D/ST,Chase Mizoguchi,I WANT TO KILL MYSELF
2023,13,7,127,Quentin Johnston,LAC,WR,Ikaika Stone,Vietokwuegbunam Flashback
2023,13,8,128,Roquan Smith,BAL,LB,Prashanth Balaraman,Damardiac Arrest
2023,13,9,129,Eagles D/ST,PHI,D/ST,Rollin Odama-Wong,2020+2022+2023 Champion
2023,13,10,130,Steelers D/ST,PIT,D/ST,Evan Fukumoto,Little munchkin 
2023,14,1,131,Elijah Moore,CLE,WR,Evan Fukumoto,Little munchkin 
2023,14,2,132,Jaylen Warren,PIT,RB,Rollin Odama-Wong,2020+2022+2023 Champion
2023,14,3,133,Bills D/ST,BUF,D/ST,Prashanth Balaraman,Damardiac Arrest
2023,14,4,134,Samaje Perine,DEN,RB,Ikaika Stone,Vietokwuegbunam Flashback
2023,14,5,135,Rashaad Penny,PHI,RB,Chase Mizoguchi,I WANT TO KILL MYSELF
2023,14,6,136,Jets D/ST,NYJ,D/ST,Christopher Pascual,This Is Jahmyr's Team
2023,14,7,137,Ravens D/ST,BAL,D/ST,Darwin Hu, 1ST TEAM ALL GLAZER
2023,14,8,138,Dalton Schultz,HOU,TE,Jeffrey Chan,Kick or die Kick
2023,14,9,139,Kadarius Toney,KC,WR,Justin Ho,1-800-273-8255 @ 0:37-041
2023,14,10,140,Jerick McKinnon,KC,RB,Harvey Wang,CeeDeez Nuts In Ur Mout
2023,15,1,141,Desmond Ridder,ARI,QB,Harvey Wang,CeeDeez Nuts In Ur Mout
2023,15,2,142,Cameron Dicker,LAC,K,Justin Ho,1-800-273-8255 @ 0:37-041
2023,15,3,143,Dolphins D/ST,MIA,D/ST,Jeffrey Chan,Kick or die Kick
2023,15,4,144,Deon Jackson,NYG,RB,Darwin Hu, 1ST TEAM ALL GLAZER
2023,15,5,145,Tank Bigsby,JAX,RB,Christopher Pascual,This Is Jahmyr's Team
2023,15,6,146,David Njoku,CLE,TE,Chase Mizoguchi,I WANT TO KILL MYSELF
2023,15,7,147,Zack Moss,CIN,RB,Ikaika Stone,Vietokwuegbunam Flashback
2023,15,8,148,Nico Collins,HOU,WR,Prashanth Balaraman,Damardiac Arrest
2023,15,9,149,Romeo Doubs,GB,WR,Rollin Odama-Wong,2020+2022+2023 Champion
2023,15,10,150,Dalton Kincaid,BUF,TE,Evan Fukumoto,Little munchkin 
2023,16,1,151,Daniel Carlson,LV,K,Evan Fukumoto,Little munchkin 
2023,16,2,152,Roschon Johnson,CHI,RB,Rollin Odama-Wong,2020+2022+2023 Champion
2023,16,3,153,Zach Ertz,WSH,TE,Prashanth Balaraman,Damardiac Arrest
2023,16,4,154,Commanders D/ST,WSH,D/ST,Ikaika Stone,Vietokwuegbunam Flashback
2023,16,5,155,Derwin James Jr.,LAC,S,Chase Mizoguchi,I WANT TO KILL MYSELF
2023,16,6,156,Jason Myers,SEA,K,Christopher Pascual,This Is Jahmyr's Team
2023,16,7,157,Tyler Allgeier,ATL,RB,Darwin Hu, 1ST TEAM ALL GLAZER
2023,16,8,158,JuJu Smith-Schuster,NE,WR,Jeffrey Chan,Kick or die Kick
2023,16,9,159,Josey Jewell,CAR,LB,Justin Ho,1-800-273-8255 @ 0:37-041
2023,16,10,160,Tyler Boyd,CIN,WR,Harvey Wang,CeeDeez Nuts In Ur Mout
2023,17,1,161,Nick Bolton,KC,LB,Harvey Wang,CeeDeez Nuts In Ur Mout
2023,17,2,162,Gus Edwards,LAC,RB,Justin Ho,1-800-273-8255 @ 0:37-041
2023,17,3,163,Shaquille Leonard,PHI,LB,Jeffrey Chan,Kick or die Kick
2023,17,4,164,Harrison Butker,KC,K,Darwin Hu, 1ST TEAM ALL GLAZER
2023,17,5,165,Bobby Okereke,NYG,LB,Christopher Pascual,This Is Jahmyr's Team
2023,17,6,166,Jake Elliott,PHI,K,Chase Mizoguchi,I WANT TO KILL MYSELF
2023,17,7,167,Tyler Bass,BUF,K,Ikaika Stone,Vietokwuegbunam Flashback
2023,17,8,168,Younghoe Koo,ATL,K,Prashanth Balaraman,Damardiac Arrest
2023,17,9,169,Zaire Franklin,IND,LB,Rollin Odama-Wong,2020+2022+2023 Champion
2023,17,10,170,Tremaine Edmunds,CHI,LB,Evan Fukumoto,Little munchkin 
2023,18,1,171,Tyler Higbee,LAR,TE,Evan Fukumoto,Little munchkin 
2023,18,2,172,Evan McPherson,CIN,K,Rollin Odama-Wong,2020+2022+2023 Champion
2023,18,3,173,Tyjae Spears,TEN,RB,Prashanth Balaraman,Damardiac Arrest
2023,18,4,174,Bobby Wagner,WSH,LB,Ikaika Stone,Vietokwuegbunam Flashback
2023,18,5,175,Ty Chandler,MIN,RB,Chase Mizoguchi,I WANT TO KILL MYSELF
2023,18,6,176,Jameson Williams,DET,WR,Christopher Pascual,This Is Jahmyr's Team
2023,18,7,177,C.J. Mosley,NYJ,LB,Darwin Hu, 1ST TEAM ALL GLAZER
2023,18,8,178,Maxx Crosby,LV,DE,Jeffrey Chan,Kick or die Kick
2023,18,9,179,Jimmy Garoppolo,LAR,QB,Justin Ho,1-800-273-8255 @ 0:37-041
2023,18,10,180,Graham Gano,NYG,K,Harvey Wang,CeeDeez Nuts In Ur Mout
2024,1,1,1,Christian McCaffrey,SF,RB,Justin Ho,#freekylepitts
2024,1,2,2,CeeDee Lamb,DAL,WR,Chase Mizoguchi,Gamblers Anonymous
2024,1,3,3,Tyreek Hill,MIA,WR,Harvey Wang,Kapiolani Medical Center
2024,1,4,4,Patrick Mahomes,KC,QB,Rollin Odama-Wong,2020+2022+2024 Champion
2024,1,5,5,Breece Hall,NYJ,RB,Evan Fukumoto,Heem Dawg
2024,1,6,6,Bijan Robinson,ATL,RB,Christopher Pascual,Bishop Sycamore
2024,1,7,7,Amon-Ra St. Brown,DET,WR,Ikaika Stone,Vietokwuegbunam Flashback
2024,1,8,8,Ja'Marr Chase,CIN,WR,Prashanth Balaraman,Najee Germany
2024,1,9,9,Justin Jefferson,MIN,WR,Jeffrey Chan,Kick or die
2024,1,10,10,Josh Allen,BUF,QB,Darwin Hu,GLAZER OF THE YEAR
2024,2,1,11,Saquon Barkley,PHI,RB,Darwin Hu,GLAZER OF THE YEAR
2024,2,2,12,Jonathan Taylor,IND,RB,Jeffrey Chan,Kick or die
2024,2,3,13,Jahmyr Gibbs,DET,RB,Prashanth Balaraman,Najee Germany
2024,2,4,14,Jalen Hurts,PHI,QB,Ikaika Stone,Vietokwuegbunam Flashback
2024,2,5,15,A.J. Brown,PHI,WR,Christopher Pascual,Bishop Sycamore
2024,2,6,16,Lamar Jackson,BAL,QB,Evan Fukumoto,Heem Dawg
2024,2,7,17,Garrett Wilson,NYJ,WR,Rollin Odama-Wong,2020+2022+2024 Champion
2024,2,8,18,Kyren Williams,LAR,RB,Harvey Wang,Kapiolani Medical Center
2024,2,9,19,Isiah Pacheco,KC,RB,Chase Mizoguchi,Gamblers Anonymous
2024,2,10,20,Travis Etienne Jr.,JAX,RB,Justin Ho,#freekylepitts
2024,3,1,21,Derrick Henry,BAL,RB,Justin Ho,#freekylepitts
2024,3,2,22,Marvin Harrison Jr.,ARI,WR,Chase Mizoguchi,Gamblers Anonymous
2024,3,3,23,Puka Nacua,LAR,WR,Harvey Wang,Kapiolani Medical Center
2024,3,4,24,Josh Jacobs,GB,RB,Rollin Odama-Wong,2020+2022+2024 Champion
2024,3,5,25,Nico Collins,HOU,WR,Evan Fukumoto,Heem Dawg
2024,3,6,26,Anthony Richardson,IND,QB,Christopher Pascual,Bishop Sycamore
2024,3,7,27,C.J. Stroud,HOU,QB,Ikaika Stone,Vietokwuegbunam Flashback
2024,3,8,28,Davante Adams,LAR,WR,Prashanth Balaraman,Najee Germany
2024,3,9,29,Mike Evans,TB,WR,Jeffrey Chan,Kick or die
2024,3,10,30,Drake London,ATL,WR,Darwin Hu,GLAZER OF THE YEAR
2024,4,1,31,De'Von Achane,MIA,RB,Darwin Hu,GLAZER OF THE YEAR
2024,4,2,32,Alvin Kamara,NO,RB,Jeffrey Chan,Kick or die
2024,4,3,33,Travis Kelce,KC,TE,Prashanth Balaraman,Najee Germany
2024,4,4,34,James Cook,BUF,RB,Ikaika Stone,Vietokwuegbunam Flashback
2024,4,5,35,Michael Pittman Jr.,IND,WR,Christopher Pascual,Bishop Sycamore
2024,4,6,36,Cooper Kupp,SEA,WR,Evan Fukumoto,Heem Dawg
2024,4,7,37,Chris Olave,NO,WR,Rollin Odama-Wong,2020+2022+2024 Champion
2024,4,8,38,Kyler Murray,ARI,QB,Harvey Wang,Kapiolani Medical Center
2024,4,9,39,Brandon Aiyuk,SF,WR,Chase Mizoguchi,Gamblers Anonymous
2024,4,10,40,DK Metcalf,PIT,WR,Justin Ho,#freekylepitts
2024,5,1,41,Joe Burrow,CIN,QB,Justin Ho,#freekylepitts
2024,5,2,42,Rachaad White,TB,RB,Chase Mizoguchi,Gamblers Anonymous
2024,5,3,43,Kenneth Walker III,SEA,RB,Harvey Wang,Kapiolani Medical Center
2024,5,4,44,Sam LaPorta,DET,TE,Rollin Odama-Wong,2020+2022+2024 Champion
2024,5,5,45,Dak Prescott,DAL,QB,Evan Fukumoto,Heem Dawg
2024,5,6,46,James Conner,ARI,RB,Christopher Pascual,Bishop Sycamore
2024,5,7,47,Deebo Samuel Sr.,WSH,WR,Ikaika Stone,Vietokwuegbunam Flashback
2024,5,8,48,Joe Mixon,HOU,RB,Prashanth Balaraman,Najee Germany
2024,5,9,49,DeVonta Smith,PHI,WR,Jeffrey Chan,Kick or die
2024,5,10,50,Malik Nabers,NYG,WR,Darwin Hu,GLAZER OF THE YEAR
2024,6,1,51,DJ Moore,CHI,WR,Darwin Hu,GLAZER OF THE YEAR
2024,6,2,52,Brock Purdy,SF,QB,Jeffrey Chan,Kick or die
2024,6,3,53,Caleb Williams,CHI,QB,Prashanth Balaraman,Najee Germany
2024,6,4,54,Mark Andrews,BAL,TE,Ikaika Stone,Vietokwuegbunam Flashback
2024,6,5,55,Jaylen Waddle,MIA,WR,Christopher Pascual,Bishop Sycamore
2024,6,6,56,Trey McBride,ARI,TE,Evan Fukumoto,Heem Dawg
2024,6,7,57,Rashee Rice,KC,WR,Rollin Odama-Wong,2020+2022+2024 Champion
2024,6,8,58,George Pickens,PIT,WR,Harvey Wang,Kapiolani Medical Center
2024,6,9,59,Calvin Ridley,TEN,WR,Chase Mizoguchi,Gamblers Anonymous
2024,6,10,60,Stefon Diggs,HOU,WR,Justin Ho,#freekylepitts
2024,7,1,61,Kyle Pitts,ATL,TE,Justin Ho,#freekylepitts
2024,7,2,62,Jayden Daniels,WSH,QB,Chase Mizoguchi,Gamblers Anonymous
2024,7,3,63,Jordan Love,GB,QB,Harvey Wang,Kapiolani Medical Center
2024,7,4,64,Tua Tagovailoa,MIA,QB,Rollin Odama-Wong,2020+2022+2024 Champion
2024,7,5,65,Amari Cooper,BUF,WR,Evan Fukumoto,Heem Dawg
2024,7,6,66,Justin Herbert,LAC,QB,Christopher Pascual,Bishop Sycamore
2024,7,7,67,Tee Higgins,CIN,WR,Ikaika Stone,Vietokwuegbunam Flashback
2024,7,8,68,Aaron Jones,MIN,RB,Prashanth Balaraman,Najee Germany
2024,7,9,69,Evan Engram,DEN,TE,Jeffrey Chan,Kick or die
2024,7,10,70,Dalton Kincaid,BUF,TE,Darwin Hu,GLAZER OF THE YEAR
2024,8,1,71,Jared Goff,DET,QB,Darwin Hu,GLAZER OF THE YEAR
2024,8,2,72,Zay Flowers,BAL,WR,Jeffrey Chan,Kick or die
2024,8,3,73,Trevor Lawrence,JAX,QB,Prashanth Balaraman,Najee Germany
2024,8,4,74,David Montgomery,DET,RB,Ikaika Stone,Vietokwuegbunam Flashback
2024,8,5,75,D'Andre Swift,CHI,RB,Christopher Pascual,Bishop Sycamore
2024,8,6,76,Raheem Mostert,LV,RB,Evan Fukumoto,Heem Dawg
2024,8,7,77,Javonte Williams,DAL,RB,Rollin Odama-Wong,2020+2022+2024 Champion
2024,8,8,78,Tank Dell,HOU,WR,Harvey Wang,Kapiolani Medical Center
2024,8,9,79,David Njoku,CLE,TE,Chase Mizoguchi,Gamblers Anonymous
2024,8,10,80,Terry McLaurin,WSH,WR,Justin Ho,#freekylepitts
2024,9,1,81,Aaron Rodgers,FA,QB,Justin Ho,#freekylepitts
2024,9,2,82,Zamir White,LV,RB,Chase Mizoguchi,Gamblers Anonymous
2024,9,3,83,Jaylen Warren,PIT,RB,Harvey Wang,Kapiolani Medical Center
2024,9,4,84,Chris Godwin,TB,WR,Rollin Odama-Wong,2020+2022+2024 Champion
2024,9,5,85,Christian Kirk,HOU,WR,Evan Fukumoto,Heem Dawg
2024,9,6,86,Matthew Stafford,LAR,QB,Christopher Pascual,Bishop Sycamore
2024,9,7,87,Rhamondre Stevenson,NE,RB,Ikaika Stone,Vietokwuegbunam Flashback
2024,9,8,88,George Kittle,SF,TE,Prashanth Balaraman,Najee Germany
2024,9,9,89,Geno Smith,LV,QB,Jeffrey Chan,Kick or die
2024,9,10,90,Jaxon Smith-Njigba,SEA,WR,Darwin Hu,GLAZER OF THE YEAR
2024,10,1,91,Brian Robinson Jr.,WSH,RB,Darwin Hu,GLAZER OF THE YEAR
2024,10,2,92,Diontae Johnson,BAL,WR,Jeffrey Chan,Kick or die
2024,10,3,93,Najee Harris,LAC,RB,Prashanth Balaraman,Najee Germany
2024,10,4,94,Keenan Allen,CHI,WR,Ikaika Stone,Vietokwuegbunam Flashback
2024,10,5,95,Jake Ferguson,DAL,TE,Christopher Pascual,Bishop Sycamore
2024,10,6,96,Tony Pollard,TEN,RB,Evan Fukumoto,Heem Dawg
2024,10,7,97,Jonathon Brooks,CAR,RB,Rollin Odama-Wong,2020+2022+2024 Champion
2024,10,8,98,Courtland Sutton,DEN,WR,Harvey Wang,Kapiolani Medical Center
2024,10,9,99,Bryce Young,CAR,QB,Chase Mizoguchi,Gamblers Anonymous
2024,10,10,100,Ladd McConkey,LAC,WR,Justin Ho,#freekylepitts
2024,11,1,101,Brian Thomas Jr.,JAX,WR,Justin Ho,#freekylepitts
2024,11,2,102,Nick Chubb,CLE,RB,Chase Mizoguchi,Gamblers Anonymous
2024,11,3,103,Tyjae Spears,TEN,RB,Harvey Wang,Kapiolani Medical Center
2024,11,4,104,Jerome Ford,CLE,RB,Rollin Odama-Wong,2020+2022+2024 Champion
2024,11,5,105,Kirk Cousins,ATL,QB,Evan Fukumoto,Heem Dawg
2024,11,6,106,Keon Coleman,BUF,WR,Christopher Pascual,Bishop Sycamore
2024,11,7,107,Deshaun Watson,CLE,QB,Ikaika Stone,Vietokwuegbunam Flashback
2024,11,8,108,Jordan Addison,MIN,WR,Prashanth Balaraman,Najee Germany
2024,11,9,109,Ka'imi Fairbairn,HOU,K,Jeffrey Chan,Kick or die
2024,11,10,110,Xavier Worthy,KC,WR,Darwin Hu,GLAZER OF THE YEAR
2024,12,1,111,Rome Odunze,CHI,WR,Darwin Hu,GLAZER OF THE YEAR
2024,12,2,112,Austin Ekeler,WSH,RB,Jeffrey Chan,Kick or die
2024,12,3,113,Christian Watson,GB,WR,Prashanth Balaraman,Najee Germany
2024,12,4,114,Chase Brown,CIN,RB,Ikaika Stone,Vietokwuegbunam Flashback
2024,12,5,115,J.K. Dobbins,LAC,RB,Christopher Pascual,Bishop Sycamore
2024,12,6,116,Jayden Reed,GB,WR,Evan Fukumoto,Heem Dawg
2024,12,7,117,Chuba Hubbard,CAR,RB,Rollin Odama-Wong,2020+2022+2024 Champion
2024,12,8,118,Dallas Goedert,PHI,TE,Harvey Wang,Kapiolani Medical Center
2024,12,9,119,Joshua Palmer,BUF,WR,Chase Mizoguchi,Gamblers Anonymous
2024,12,10,120,Devin Singletary,NYG,RB,Justin Ho,#freekylepitts
2024,13,1,121,T.J. Hockenson,MIN,TE,Justin Ho,#freekylepitts
2024,13,2,122,Gus Edwards,FA,RB,Chase Mizoguchi,Gamblers Anonymous
2024,13,3,123,Ezekiel Elliott,FA,RB,Harvey Wang,Kapiolani Medical Center
2024,13,4,124,Baker Mayfield,TB,QB,Rollin Odama-Wong,2020+2022+2024 Champion
2024,13,5,125,DeAndre Hopkins,BAL,WR,Evan Fukumoto,Heem Dawg
2024,13,6,126,Browns D/ST,CLE,D/ST,Christopher Pascual,Bishop Sycamore
2024,13,7,127,Hollywood Brown,KC,WR,Ikaika Stone,Vietokwuegbunam Flashback
2024,13,8,128,Bo Nix,DEN,QB,Prashanth Balaraman,Najee Germany
2024,13,9,129,Derek Carr,NO,QB,Jeffrey Chan,Kick or die
2024,13,10,130,Brock Bowers,LV,TE,Darwin Hu,GLAZER OF THE YEAR
2024,14,1,131,Daniel Jones,IND,QB,Darwin Hu,GLAZER OF THE YEAR
2024,14,2,132,Ravens D/ST,BAL,D/ST,Jeffrey Chan,Kick or die
2024,14,3,133,Cowboys D/ST,DAL,D/ST,Prashanth Balaraman,Najee Germany
2024,14,4,134,Mike Williams,LAC,WR,Ikaika Stone,Vietokwuegbunam Flashback
2024,14,5,135,Justin Tucker,BAL,K,Christopher Pascual,Bishop Sycamore
2024,14,6,136,49ers D/ST,SF,D/ST,Evan Fukumoto,Heem Dawg
2024,14,7,137,Jets D/ST,NYJ,D/ST,Rollin Odama-Wong,2020+2022+2024 Champion
2024,14,8,138,Russell Wilson,PIT,QB,Harvey Wang,Kapiolani Medical Center
2024,14,9,139,Pat Freiermuth,PIT,TE,Chase Mizoguchi,Gamblers Anonymous
2024,14,10,140,Steelers D/ST,PIT,D/ST,Justin Ho,#freekylepitts
2024,15,1,141,Will Levis,TEN,QB,Justin Ho,#freekylepitts
2024,15,2,142,Saints D/ST,NO,D/ST,Chase Mizoguchi,Gamblers Anonymous
2024,15,3,143,Bengals D/ST,CIN,D/ST,Harvey Wang,Kapiolani Medical Center
2024,15,4,144,Brandon Aubrey,DAL,K,Rollin Odama-Wong,2020+2022+2024 Champion
2024,15,5,145,Younghoe Koo,ATL,K,Evan Fukumoto,Heem Dawg
2024,15,6,146,Zack Moss,CIN,RB,Christopher Pascual,Bishop Sycamore
2024,15,7,147,Harrison Butker,KC,K,Ikaika Stone,Vietokwuegbunam Flashback
2024,15,8,148,Jake Elliott,PHI,K,Prashanth Balaraman,Najee Germany
2024,15,9,149,Jakobi Meyers,LV,WR,Jeffrey Chan,Kick or die
2024,15,10,150,Seahawks D/ST,SEA,D/ST,Darwin Hu,GLAZER OF THE YEAR
2024,16,1,151,Jake Moody,SF,K,Darwin Hu,GLAZER OF THE YEAR
2024,16,2,152,Tyler Lockett,FA,WR,Jeffrey Chan,Kick or die
2024,16,3,153,Zach Charbonnet,SEA,RB,Prashanth Balaraman,Najee Germany
2024,16,4,154,Vikings D/ST,MIN,D/ST,Ikaika Stone,Vietokwuegbunam Flashback
2024,16,5,155,Darnell Mooney,ATL,WR,Christopher Pascual,Bishop Sycamore
2024,16,6,156,Jameson Williams,DET,WR,Evan Fukumoto,Heem Dawg
2024,16,7,157,Blake Corum,LAR,RB,Rollin Odama-Wong,2020+2022+2024 Champion
2024,16,8,158,Jason Myers,SEA,K,Harvey Wang,Kapiolani Medical Center
2024,16,9,159,Evan McPherson,CIN,K,Chase Mizoguchi,Gamblers Anonymous
2024,16,10,160,Greg Zuerlein,NYJ,K,Justin Ho,#freekylepitts
2025,1,1,1,Ja'Marr Chase,CIN,WR,Chase Mizoguchi,They Hit the Second Bower
2025,1,2,2,Bijan Robinson,ATL,RB,Christopher Pascual,Brown Ladd Squad
2025,1,3,3,Saquon Barkley,PHI,RB,Harvey Wang,Rice Fields Got Picken Dry
2025,1,4,4,Josh Allen,BUF,QB,Darwin Hu,Saquonda Forever
2025,1,5,5,Lamar Jackson,BAL,QB,Rollin Odama-Wong,2020+2022+2025 Champion
2025,1,6,6,Justin Jefferson,MIN,WR,Jeffrey Chan,Kick or die
2025,1,7,7,Jahmyr Gibbs,DET,RB,Evan Fukumoto,GIBBY
2025,1,8,8,CeeDee Lamb,DAL,WR,Ikaika Stone,Vietokwuegbunam Flashback
2025,1,9,9,Christian McCaffrey,SF,RB,Prashanth Balaraman,Lemme Ra-Dog It
2025,1,10,10,Malik Nabers,NYG,WR,Justin Ho,The Big Beautiful Bill
2025,2,1,11,Ashton Jeanty,LV,RB,Justin Ho,The Big Beautiful Bill
2025,2,2,12,Amon-Ra St. Brown,DET,WR,Prashanth Balaraman,Lemme Ra-Dog It
2025,2,3,13,Derrick Henry,BAL,RB,Ikaika Stone,Vietokwuegbunam Flashback
2025,2,4,14,Jalen Hurts,PHI,QB,Evan Fukumoto,GIBBY
2025,2,5,15,Puka Nacua,LAR,WR,Jeffrey Chan,Kick or die
2025,2,6,16,Nico Collins,HOU,WR,Rollin Odama-Wong,2020+2022+2025 Champion
2025,2,7,17,Drake London,ATL,WR,Darwin Hu,Saquonda Forever
2025,2,8,18,De'Von Achane,MIA,RB,Harvey Wang,Rice Fields Got Picken Dry
2025,2,9,19,Jonathan Taylor,IND,RB,Christopher Pascual,Brown Ladd Squad
2025,2,10,20,Brock Bowers,LV,TE,Chase Mizoguchi,They Hit the Second Bower
2025,3,1,21,Bucky Irving,TB,RB,Chase Mizoguchi,They Hit the Second Bower
2025,3,2,22,Jayden Daniels,WSH,QB,Christopher Pascual,Brown Ladd Squad
2025,3,3,23,Chase Brown,CIN,RB,Harvey Wang,Rice Fields Got Picken Dry
2025,3,4,24,Josh Jacobs,GB,RB,Darwin Hu,Saquonda Forever
2025,3,5,25,Brian Thomas Jr.,JAX,WR,Rollin Odama-Wong,2020+2022+2025 Champion
2025,3,6,26,Patrick Mahomes,KC,QB,Jeffrey Chan,Kick or die
2025,3,7,27,A.J. Brown,PHI,WR,Evan Fukumoto,GIBBY
2025,3,8,28,Kyren Williams,LAR,RB,Ikaika Stone,Vietokwuegbunam Flashback
2025,3,9,29,Trey McBride,ARI,TE,Prashanth Balaraman,Lemme Ra-Dog It
2025,3,10,30,Alvin Kamara,NO,RB,Justin Ho,The Big Beautiful Bill
2025,4,1,31,George Kittle,SF,TE,Justin Ho,The Big Beautiful Bill
2025,4,2,32,Joe Burrow,CIN,QB,Prashanth Balaraman,Lemme Ra-Dog It
2025,4,3,33,Ladd McConkey,LAC,WR,Ikaika Stone,Vietokwuegbunam Flashback
2025,4,4,34,Omarion Hampton,LAC,RB,Evan Fukumoto,GIBBY
2025,4,5,35,Tee Higgins,CIN,WR,Jeffrey Chan,Kick or die
2025,4,6,36,James Cook III,BUF,RB,Rollin Odama-Wong,2020+2022+2025 Champion
2025,4,7,37,Jaxon Smith-Njigba,SEA,WR,Darwin Hu,Saquonda Forever
2025,4,8,38,Terry McLaurin,WSH,WR,Harvey Wang,Rice Fields Got Picken Dry
2025,4,9,39,Tetairoa McMillan,CAR,WR,Christopher Pascual,Brown Ladd Squad
2025,4,10,40,Bo Nix,DEN,QB,Chase Mizoguchi,They Hit the Second Bower
2025,5,1,41,Tyreek Hill,FA,WR,Chase Mizoguchi,They Hit the Second Bower
2025,5,2,42,TreVeyon Henderson,NE,RB,Christopher Pascual,Brown Ladd Squad
2025,5,3,43,Mike Evans,TB,WR,Harvey Wang,Rice Fields Got Picken Dry
2025,5,4,44,Kenneth Walker III,SEA,RB,Darwin Hu,Saquonda Forever
2025,5,5,45,Chuba Hubbard,CAR,RB,Rollin Odama-Wong,2020+2022+2025 Champion
2025,5,6,46,James Conner,ARI,RB,Jeffrey Chan,Kick or die
2025,5,7,47,Davante Adams,LAR,WR,Evan Fukumoto,GIBBY
2025,5,8,48,Baker Mayfield,TB,QB,Ikaika Stone,Vietokwuegbunam Flashback
2025,5,9,49,Breece Hall,NYJ,RB,Prashanth Balaraman,Lemme Ra-Dog It
2025,5,10,50,Garrett Wilson,NYJ,WR,Justin Ho,The Big Beautiful Bill
2025,6,1,51,Kyler Murray,ARI,QB,Justin Ho,The Big Beautiful Bill
2025,6,2,52,Xavier Worthy,KC,WR,Prashanth Balaraman,Lemme Ra-Dog It
2025,6,3,53,Dak Prescott,DAL,QB,Ikaika Stone,Vietokwuegbunam Flashback
2025,6,4,54,Brock Purdy,SF,QB,Evan Fukumoto,GIBBY
2025,6,5,55,Tony Pollard,TEN,RB,Jeffrey Chan,Kick or die
2025,6,6,56,D'Andre Swift,CHI,RB,Rollin Odama-Wong,2020+2022+2025 Champion
2025,6,7,57,Drake Maye,NE,QB,Darwin Hu,Saquonda Forever
2025,6,8,58,Justin Fields,NYJ,QB,Harvey Wang,Rice Fields Got Picken Dry
2025,6,9,59,Marvin Harrison Jr.,ARI,WR,Christopher Pascual,Brown Ladd Squad
2025,6,10,60,Isiah Pacheco,KC,RB,Chase Mizoguchi,They Hit the Second Bower
2025,7,1,61,Caleb Williams,CHI,QB,Chase Mizoguchi,They Hit the Second Bower
2025,7,2,62,J.J. McCarthy,MIN,QB,Christopher Pascual,Brown Ladd Squad
2025,7,3,63,Courtland Sutton,DEN,WR,Harvey Wang,Rice Fields Got Picken Dry
2025,7,4,64,Rashee Rice,KC,WR,Darwin Hu,Saquonda Forever
2025,7,5,65,Jared Goff,DET,QB,Rollin Odama-Wong,2020+2022+2025 Champion
2025,7,6,66,David Montgomery,HOU,RB,Jeffrey Chan,Kick or die
2025,7,7,67,Aaron Jones Sr.,MIN,RB,Evan Fukumoto,GIBBY
2025,7,8,68,Calvin Ridley,TEN,WR,Ikaika Stone,Vietokwuegbunam Flashback
2025,7,9,69,C.J. Stroud,HOU,QB,Prashanth Balaraman,Lemme Ra-Dog It
2025,7,10,70,Jacory Croskey-Merritt,WSH,RB,Justin Ho,The Big Beautiful Bill
2025,8,1,71,Emeka Egbuka,TB,WR,Justin Ho,The Big Beautiful Bill
2025,8,2,72,RJ Harvey,DEN,RB,Prashanth Balaraman,Lemme Ra-Dog It
2025,8,3,73,Sam LaPorta,DET,TE,Ikaika Stone,Vietokwuegbunam Flashback
2025,8,4,74,DeVonta Smith,PHI,WR,Evan Fukumoto,GIBBY
2025,8,5,75,Travis Kelce,KC,TE,Jeffrey Chan,Kick or die
2025,8,6,76,DK Metcalf,PIT,WR,Rollin Odama-Wong,2020+2022+2025 Champion
2025,8,7,77,DJ Moore,CHI,WR,Darwin Hu,Saquonda Forever
2025,8,8,78,Jerry Jeudy,CLE,WR,Harvey Wang,Rice Fields Got Picken Dry
2025,8,9,79,George Pickens,DAL,WR,Christopher Pascual,Brown Ladd Squad
2025,8,10,80,Jameson Williams,DET,WR,Chase Mizoguchi,They Hit the Second Bower
2025,9,1,81,Zay Flowers,BAL,WR,Chase Mizoguchi,They Hit the Second Bower
2025,9,2,82,T.J. Hockenson,MIN,TE,Christopher Pascual,Brown Ladd Squad
2025,9,3,83,Tua Tagovailoa,MIA,QB,Harvey Wang,Rice Fields Got Picken Dry
2025,9,4,84,Ricky Pearsall,SF,WR,Darwin Hu,Saquonda Forever
2025,9,5,85,Jaylen Waddle,MIA,WR,Rollin Odama-Wong,2020+2022+2025 Champion
2025,9,6,86,Jordan Love,GB,QB,Jeffrey Chan,Kick or die
2025,9,7,87,Rome Odunze,CHI,WR,Evan Fukumoto,GIBBY
2025,9,8,88,Matthew Golden,GB,WR,Ikaika Stone,Vietokwuegbunam Flashback
2025,9,9,89,Jakobi Meyers,JAX,WR,Prashanth Balaraman,Lemme Ra-Dog It
2025,9,10,90,Travis Hunter,JAX,WR,Justin Ho,The Big Beautiful Bill
2025,10,1,91,Kaleb Johnson,PIT,RB,Justin Ho,The Big Beautiful Bill
2025,10,2,92,Justin Herbert,LAC,QB,Prashanth Balaraman,Lemme Ra-Dog It
2025,10,3,93,Trevor Lawrence,JAX,QB,Ikaika Stone,Vietokwuegbunam Flashback
2025,10,4,94,Tyrone Tracy Jr.,NYG,RB,Evan Fukumoto,GIBBY
2025,10,5,95,Chris Olave,NO,WR,Jeffrey Chan,Kick or die
2025,10,6,96,David Njoku,CLE,TE,Rollin Odama-Wong,2020+2022+2025 Champion
2025,10,7,97,Evan Engram,DEN,TE,Darwin Hu,Saquonda Forever
2025,10,8,98,Matthew Stafford,LAR,QB,Harvey Wang,Rice Fields Got Picken Dry
2025,10,9,99,Jordan Addison,MIN,WR,Christopher Pascual,Brown Ladd Squad
2025,10,10,100,Bryce Young,CAR,QB,Chase Mizoguchi,They Hit the Second Bower
2025,11,1,101,Jauan Jennings,SF,WR,Chase Mizoguchi,They Hit the Second Bower
2025,11,2,102,Cam Ward,TEN,QB,Christopher Pascual,Brown Ladd Squad
2025,11,3,103,Jaylen Warren,PIT,RB,Harvey Wang,Rice Fields Got Picken Dry
2025,11,4,104,Michael Penix Jr.,ATL,QB,Darwin Hu,Saquonda Forever
2025,11,5,105,Geno Smith,LV,QB,Rollin Odama-Wong,2020+2022+2025 Champion
2025,11,6,106,Mark Andrews,BAL,TE,Jeffrey Chan,Kick or die
2025,11,7,107,Khalil Shakir,BUF,WR,Evan Fukumoto,GIBBY
2025,11,8,108,Stefon Diggs,NE,WR,Ikaika Stone,Vietokwuegbunam Flashback
2025,11,9,109,Cam Skattebo,NYG,RB,Prashanth Balaraman,Lemme Ra-Dog It
2025,11,10,110,Daniel Jones,IND,QB,Justin Ho,The Big Beautiful Bill
2025,12,1,111,Zach Charbonnet,SEA,RB,Justin Ho,The Big Beautiful Bill
2025,12,2,112,Deebo Samuel,WSH,WR,Prashanth Balaraman,Lemme Ra-Dog It
2025,12,3,113,Jordan Mason,MIN,RB,Ikaika Stone,Vietokwuegbunam Flashback
2025,12,4,114,Sam Darnold,SEA,QB,Evan Fukumoto,GIBBY
2025,12,5,115,J.K. Dobbins,DEN,RB,Jeffrey Chan,Kick or die
2025,12,6,116,Tyler Warren,IND,TE,Rollin Odama-Wong,2020+2022+2025 Champion
2025,12,7,117,Travis Etienne Jr.,JAX,RB,Darwin Hu,Saquonda Forever
2025,12,8,118,Chris Godwin Jr.,TB,WR,Harvey Wang,Rice Fields Got Picken Dry
2025,12,9,119,Trey Benson,ARI,RB,Christopher Pascual,Brown Ladd Squad
2025,12,10,120,Austin Ekeler,WSH,RB,Chase Mizoguchi,They Hit the Second Bower
2025,13,1,121,Nick Chubb,HOU,RB,Chase Mizoguchi,They Hit the Second Bower
2025,13,2,122,Cooper Kupp,SEA,WR,Christopher Pascual,Brown Ladd Squad
2025,13,3,123,Tucker Kraft,GB,TE,Harvey Wang,Rice Fields Got Picken Dry
2025,13,4,124,Colston Loveland,CHI,TE,Darwin Hu,Saquonda Forever
2025,13,5,125,Brandon Aubrey,DAL,K,Rollin Odama-Wong,2020+2022+2025 Champion
2025,13,6,126,Chase McLaughlin,TB,K,Jeffrey Chan,Kick or die
2025,13,7,127,Michael Pittman Jr.,IND,WR,Evan Fukumoto,GIBBY
2025,13,8,128,Javonte Williams,DAL,RB,Ikaika Stone,Vietokwuegbunam Flashback
2025,13,9,129,Jake Bates,DET,K,Prashanth Balaraman,Lemme Ra-Dog It
2025,13,10,130,Kyle Pitts Sr.,ATL,TE,Justin Ho,The Big Beautiful Bill
2025,14,1,131,Broncos D/ST,DEN,D/ST,Justin Ho,The Big Beautiful Bill
2025,14,2,132,Rhamondre Stevenson,NE,RB,Prashanth Balaraman,Lemme Ra-Dog It
2025,14,3,133,Joe Mixon,HOU,RB,Ikaika Stone,Vietokwuegbunam Flashback
2025,14,4,134,Jake Ferguson,DAL,TE,Evan Fukumoto,GIBBY
2025,14,5,135,Texans D/ST,HOU,D/ST,Jeffrey Chan,Kick or die
2025,14,6,136,Steelers D/ST,PIT,D/ST,Rollin Odama-Wong,2020+2022+2025 Champion
2025,14,7,137,Tank Bigsby,PHI,RB,Darwin Hu,Saquonda Forever
2025,14,8,138,Ravens D/ST,BAL,D/ST,Harvey Wang,Rice Fields Got Picken Dry
2025,14,9,139,Lions D/ST,DET,D/ST,Christopher Pascual,Brown Ladd Squad
2025,14,10,140,Cameron Dicker,LAC,K,Chase Mizoguchi,They Hit the Second Bower
2025,15,1,141,Eagles D/ST,PHI,D/ST,Chase Mizoguchi,They Hit the Second Bower
2025,15,2,142,Tyler Loop,BAL,K,Christopher Pascual,Brown Ladd Squad
2025,15,3,143,Keon Coleman,BUF,WR,Harvey Wang,Rice Fields Got Picken Dry
2025,15,4,144,Chris Boswell,PIT,K,Darwin Hu,Saquonda Forever
2025,15,5,145,Braelon Allen,NYJ,RB,Rollin Odama-Wong,2020+2022+2025 Champion
2025,15,6,146,Andre Szmyt,CLE,K,Jeffrey Chan,Kick or die
2025,15,7,147,Vikings D/ST,MIN,D/ST,Evan Fukumoto,GIBBY
2025,15,8,148,Wil Lutz,DEN,K,Ikaika Stone,Vietokwuegbunam Flashback
2025,15,9,149,Cardinals D/ST,ARI,D/ST,Prashanth Balaraman,Lemme Ra-Dog It
2025,15,10,150,Jaxson Dart,NYG,QB,Justin Ho,The Big Beautiful Bill
2025,16,1,151,Ka'imi Fairbairn,HOU,K,Justin Ho,The Big Beautiful Bill
2025,16,2,152,Bhayshul Tuten,JAX,RB,Prashanth Balaraman,Lemme Ra-Dog It
2025,16,3,153,49ers D/ST,SF,D/ST,Ikaika Stone,Vietokwuegbunam Flashback
2025,16,4,154,Harrison Butker,KC,K,Evan Fukumoto,GIBBY
2025,16,5,155,Keenan Allen,LAC,WR,Jeffrey Chan,Kick or die
2025,16,6,156,Brian Robinson Jr.,SF,RB,Rollin Odama-Wong,2020+2022+2025 Champion
2025,16,7,157,Patriots D/ST,NE,D/ST,Darwin Hu,Saquonda Forever
2025,16,8,158,Jake Elliott,PHI,K,Harvey Wang,Rice Fields Got Picken Dry
2025,16,9,159,Zach Ertz,WSH,TE,Christopher Pascual,Brown Ladd Squad
2025,16,10,160,Brandon Aiyuk,SF,WR,Chase Mizoguchi,They Hit the Second Bower
