Year,Team Name,Manager,ESPN Display Name
2022,IF I DON'T WIN THEN I QUIT,Chase Mizoguchi,808Chase808
2022,Tweedle Dee-bo,Harvey Wang,harvwang24
2022,Vietokwuegbunam Flashback,Ikaika Stone,oraleholmes808
2022,I hate Rollin,Evan Fukumoto,espn16507547
2022,Chute Mi,Justin Ho,JustinHo17
2022,2020+2022 Champion,Rollin Odama-Wong,Rollin Odama-Wong
2022,Season Is Over,Christopher Pascual,HeRe_We_Go_AgAiN_CP3
2022,I Chase Young Kids,Prashanth Balaraman,Who Dat Nation808
2022,   . Tweedle Dame,Darwin Hu,espn43426368
2022,Kick or die Kick,Jeffrey Chan,ESPNFAN6542930570
2023,I WANT TO KILL MYSELF,Chase Mizoguchi,808Chase808
2023,CeeDeez Nuts In Ur Mout,Harvey Wang,harvwang24
2023,Vietokwuegbunam Flashback,Ikaika Stone,oraleholmes808
2023,Little munchkin ,Evan Fukumoto,espn16507547
2023,1-800-273-8255 @ 0:37-041,Justin Ho,JustinHo17
2023,2020+2022+2023 Champion,Rollin Odama-Wong,Rollin Odama-Wong
2023,This Is Jahmyr's Team,Christopher Pascual,HeRe_We_Go_AgAiN_CP3
2023,Damardiac Arrest,Prashanth Balaraman,Who Dat Nation808
2023, 1ST TEAM ALL GLAZER,Darwin Hu,espn43426368
2023,Kick or die Kick,Jeffrey Chan,ESPNFAN6542930570
2024,Gamblers Anonymous,Chase Mizoguchi,808Chase808 / ESPNFAN6072676568
2024,Kapiolani Medical Center,Harvey Wang,harvwang24
2024,Vietokwuegbunam Flashback,Ikaika Stone,oraleholmes808
2024,Heem Dawg,Evan Fukumoto,espn16507547
2024,#freekylepitts,Justin Ho,JustinHo17
2024,2020+2022+2024 Champion,Rollin Odama-Wong,Rollin Odama-Wong
2024,Bishop Sycamore,Christopher Pascual,HeRe_We_Go_AgAiN_CP3
2024,Najee Germany,Prashanth Balaraman,Who Dat Nation808
2024,GLAZER OF THE YEAR,Darwin Hu,espn43426368
2024,Kick or die,Jeffrey Chan,ESPNFAN6542930570
2025,They Hit the Second Bower,Chase Mizoguchi,808Chase808 / ESPNFAN6072676568
2025,Rice Fields Got Picken Dry,Harvey Wang,harvwang24
2025,Vietokwuegbunam Flashback,Ikaika Stone,oraleholmes808
2025,GIBBY,Evan Fukumoto,espn16507547
2025,The Big Beautiful Bill,Justin Ho,JustinHo17
2025,2020+2022+2025 Champion,Rollin Odama-Wong,Rollin Odama-Wong
2025,Brown Ladd Squad,Christopher Pascual,HeRe_We_Go_AgAiN_CP3
2025,Lemme Ra-Dog It,Prashanth Balaraman,Who Dat Nation808
2025,Saquonda Forever,Darwin Hu,espn43426368
2025,Kick or die,Jeffrey Chan,ESPNFAN6542930570
