Player,Team,Position,Drafting Owner
Ja'Marr Chase,CIN,WR,Chase Mizoguchi
Bijan Robinson,ATL,RB,Christopher Pascual
Saquon Barkley,PHI,RB,Harvey Wang
Josh Allen,BUF,QB,Darwin Hu
Lamar Jackson,BAL,QB,Rollin Odama-Wong
Justin Jefferson,MIN,WR,Jeffrey Chan
Jahmyr Gibbs,DET,RB,Evan Fukumoto
CeeDee Lamb,DAL,WR,Ikaika Stone
Christian McCaffrey,SF,RB,Prashanth Balaraman
Malik Nabers,NYG,WR,Justin Ho
Ashton Jeanty,LV,RB,Justin Ho
Amon-Ra St. Brown,DET,WR,Prashanth Balaraman
Derrick Henry,BAL,RB,Ikaika Stone
Jalen Hurts,PHI,QB,Evan Fukumoto
Puka Nacua,LAR,WR,Jeffrey Chan
Nico Collins,HOU,WR,Rollin Odama-Wong
Drake London,ATL,WR,Darwin Hu
De'Von Achane,MIA,RB,Harvey Wang
Jonathan Taylor,IND,RB,Christopher Pascual
Brock Bowers,LV,TE,Chase Mizoguchi
Bucky Irving,TB,RB,Chase Mizoguchi
Jayden Daniels,WSH,QB,Christopher Pascual
Chase Brown,CIN,RB,Harvey Wang
Josh Jacobs,GB,RB,Darwin Hu
Brian Thomas Jr.,JAX,WR,Rollin Odama-Wong
Patrick Mahomes,KC,QB,Jeffrey Chan
A.J. Brown,PHI,WR,Evan Fukumoto
Kyren Williams,LAR,RB,Ikaika Stone
Trey McBride,ARI,TE,Prashanth Balaraman
Alvin Kamara,NO,RB,Justin Ho
George Kittle,SF,TE,Justin Ho
Joe Burrow,CIN,QB,Prashanth Balaraman
Ladd McConkey,LAC,WR,Ikaika Stone
Omarion Hampton,LAC,RB,Evan Fukumoto
Tee Higgins,CIN,WR,Jeffrey Chan
James Cook III,BUF,RB,Rollin Odama-Wong
Jaxon Smith-Njigba,SEA,WR,Darwin Hu
Terry McLaurin,WSH,WR,Harvey Wang
Tetairoa McMillan,CAR,WR,Christopher Pascual
Bo Nix,DEN,QB,Chase Mizoguchi
Tyreek Hill,FA,WR,Chase Mizoguchi
TreVeyon Henderson,NE,RB,Christopher Pascual
Mike Evans,TB,WR,Harvey Wang
Kenneth Walker III,SEA,RB,Darwin Hu
Chuba Hubbard,CAR,RB,Rollin Odama-Wong
James Conner,ARI,RB,Jeffrey Chan
Davante Adams,LAR,WR,Evan Fukumoto
Baker Mayfield,TB,QB,Ikaika Stone
Breece Hall,NYJ,RB,Prashanth Balaraman
Garrett Wilson,NYJ,WR,Justin Ho
Kyler Murray,ARI,QB,Justin Ho
Xavier Worthy,KC,WR,Prashanth Balaraman
Dak Prescott,DAL,QB,Ikaika Stone
Brock Purdy,SF,QB,Evan Fukumoto
Tony Pollard,TEN,RB,Jeffrey Chan
D'Andre Swift,CHI,RB,Rollin Odama-Wong
Drake Maye,NE,QB,Darwin Hu
Justin Fields,NYJ,QB,Harvey Wang
Marvin Harrison Jr.,ARI,WR,Christopher Pascual
Isiah Pacheco,KC,RB,Chase Mizoguchi
Caleb Williams,CHI,QB,Chase Mizoguchi
J.J. McCarthy,MIN,QB,Christopher Pascual
Courtland Sutton,DEN,WR,Harvey Wang
Rashee Rice,KC,WR,Darwin Hu
Jared Goff,DET,QB,Rollin Odama-Wong
David Montgomery,HOU,RB,Jeffrey Chan
Aaron Jones Sr.,MIN,RB,Evan Fukumoto
Calvin Ridley,TEN,WR,Ikaika Stone
C.J. Stroud,HOU,QB,Prashanth Balaraman
Jacory Croskey-Merritt,WSH,RB,Justin Ho
Emeka Egbuka,TB,WR,Justin Ho
RJ Harvey,DEN,RB,Prashanth Balaraman
Sam LaPorta,DET,TE,Ikaika Stone
DeVonta Smith,PHI,WR,Evan Fukumoto
Travis Kelce,KC,TE,Jeffrey Chan
DK Metcalf,PIT,WR,Rollin Odama-Wong
DJ Moore,CHI,WR,Darwin Hu
Jerry Jeudy,CLE,WR,Harvey Wang
George Pickens,DAL,WR,Christopher Pascual
Jameson Williams,DET,WR,Chase Mizoguchi
Zay Flowers,BAL,WR,Chase Mizoguchi
T.J. Hockenson,MIN,TE,Christopher Pascual
Tua Tagovailoa,MIA,QB,Harvey Wang
Ricky Pearsall,SF,WR,Darwin Hu
Jaylen Waddle,MIA,WR,Rollin Odama-Wong
Jordan Love,GB,QB,Jeffrey Chan
Rome Odunze,CHI,WR,Evan Fukumoto
Matthew Golden,GB,WR,Ikaika Stone
Jakobi Meyers,JAX,WR,Prashanth Balaraman
Travis Hunter,JAX,WR,Justin Ho
Kaleb Johnson,PIT,RB,Justin Ho
Justin Herbert,LAC,QB,Prashanth Balaraman
Trevor Lawrence,JAX,QB,Ikaika Stone
Tyrone Tracy Jr.,NYG,RB,Evan Fukumoto
Chris Olave,NO,WR,Jeffrey Chan
David Njoku,CLE,TE,Rollin Odama-Wong
Evan Engram,DEN,TE,Darwin Hu
Matthew Stafford,LAR,QB,Harvey Wang
Jordan Addison,MIN,WR,Christopher Pascual
Bryce Young,CAR,QB,Chase Mizoguchi
Jauan Jennings,SF,WR,Chase Mizoguchi
Cam Ward,TEN,QB,Christopher Pascual
Jaylen Warren,PIT,RB,Harvey Wang
Michael Penix Jr.,ATL,QB,Darwin Hu
Geno Smith,LV,QB,Rollin Odama-Wong
Mark Andrews,BAL,TE,Jeffrey Chan
Khalil Shakir,BUF,WR,Evan Fukumoto
Stefon Diggs,NE,WR,Ikaika Stone
Cam Skattebo,NYG,RB,Prashanth Balaraman
Daniel Jones,IND,QB,Justin Ho
Zach Charbonnet,SEA,RB,Justin Ho
Deebo Samuel,WSH,WR,Prashanth Balaraman
Jordan Mason,MIN,RB,Ikaika Stone
Sam Darnold,SEA,QB,Evan Fukumoto
J.K. Dobbins,DEN,RB,Jeffrey Chan
Tyler Warren,IND,TE,Rollin Odama-Wong
Travis Etienne Jr.,JAX,RB,Darwin Hu
Chris Godwin Jr.,TB,WR,Harvey Wang
Trey Benson,ARI,RB,Christopher Pascual
Austin Ekeler,WSH,RB,Chase Mizoguchi
Nick Chubb,HOU,RB,Chase Mizoguchi
Cooper Kupp,SEA,WR,Christopher Pascual
Tucker Kraft,GB,TE,Harvey Wang
Colston Loveland,CHI,TE,Darwin Hu
Brandon Aubrey,DAL,K,Rollin Odama-Wong
Chase McLaughlin,TB,K,Jeffrey Chan
Michael Pittman Jr.,IND,WR,Evan Fukumoto
Javonte Williams,DAL,RB,Ikaika Stone
Jake Bates,DET,K,Prashanth Balaraman
Kyle Pitts Sr.,ATL,TE,Justin Ho
Broncos D/ST,DEN,D/ST,Justin Ho
Rhamondre Stevenson,NE,RB,Prashanth Balaraman
Joe Mixon,HOU,RB,Ikaika Stone
Jake Ferguson,DAL,TE,Evan Fukumoto
Texans D/ST,HOU,D/ST,Jeffrey Chan
Steelers D/ST,PIT,D/ST,Rollin Odama-Wong
Tank Bigsby,PHI,RB,Darwin Hu
Ravens D/ST,BAL,D/ST,Harvey Wang
Lions D/ST,DET,D/ST,Christopher Pascual
Cameron Dicker,LAC,K,Chase Mizoguchi
Eagles D/ST,PHI,D/ST,Chase Mizoguchi
Tyler Loop,BAL,K,Christopher Pascual
Keon Coleman,BUF,WR,Harvey Wang
Chris Boswell,PIT,K,Darwin Hu
Braelon Allen,NYJ,RB,Rollin Odama-Wong
Andre Szmyt,CLE,K,Jeffrey Chan
Vikings D/ST,MIN,D/ST,Evan Fukumoto
Wil Lutz,DEN,K,Ikaika Stone
Cardinals D/ST,ARI,D/ST,Prashanth Balaraman
Jaxson Dart,NYG,QB,Justin Ho
Ka'imi Fairbairn,HOU,K,Justin Ho
Bhayshul Tuten,JAX,RB,Prashanth Balaraman
49ers D/ST,SF,D/ST,Ikaika Stone
Harrison Butker,KC,K,Evan Fukumoto
Keenan Allen,LAC,WR,Jeffrey Chan
Brian Robinson Jr.,SF,RB,Rollin Odama-Wong
Patriots D/ST,NE,D/ST,Darwin Hu
Jake Elliott,PHI,K,Harvey Wang
Zach Ertz,WSH,TE,Christopher Pascual
Brandon Aiyuk,SF,WR,Chase Mizoguchi
