Year,Manager,Games,Wins,Losses,Ties,PointsFor,PointsAgainst,AllPlayW,AllPlayL,AllPlayT,AllPlayPct,ExpectedWins,Luck,ActualSeed,ExpectedSeed,SeedDelta,AvgScore,StdDev,High,Low
2022,Chase Mizoguchi,14,8,6,0,1990,1957,78,48,0,61.9%,8.67,-0.67,3,2,-1,142.14,25.59,186,89
2022,Christopher Pascual,14,8,6,0,1850,1819.5,65,60,1,52.0%,7.28,+0.72,4,7,+3,132.14,20.55,158,85.5
2022,Darwin Hu,14,5,9,0,1690.5,1922,35,90,1,28.2%,3.94,+1.06,9,10,+1,120.75,16.73,148.5,93
2022,Evan Fukumoto,14,8,5,1,1804.5,1740,52,73,1,41.7%,5.83,+2.67,2,9,+7,128.89,21.88,178,96.5
2022,Harvey Wang,14,6,7,1,1832.5,1907,52,73,1,41.7%,5.83,+0.67,8,8,0,130.89,21.93,170.5,96.5
2022,Ikaika Stone,14,7,7,0,2002.5,1899.5,78,48,0,61.9%,8.67,-1.67,5,1,-4,143.04,20.16,179.5,113.5
2022,Jeffrey Chan,14,4,10,0,1903,1969,66,60,0,52.4%,7.33,-3.33,10,5,-5,135.93,20.01,176,112
2022,Justin Ho,14,7,7,0,1890.5,1872.5,66,60,0,52.4%,7.33,-0.33,7,6,-1,135.04,18.43,162,100.5
2022,Prashanth Balaraman,14,9,5,0,1901.5,1826,69,57,0,54.8%,7.67,+1.33,1,3,+2,135.82,22.13,169.5,96.5
2022,Rollin Odama-Wong,14,7,7,0,1944.5,1897,67,59,0,53.2%,7.44,-0.44,6,4,-2,138.89,26.39,195,100.5
2023,Chase Mizoguchi,14,3,11,0,1881.58,2148.3,47,79,0,37.3%,5.22,-2.22,9,9,0,134.4,23.25,169.6,86.2
2023,Christopher Pascual,14,8,6,0,1919.06,2002.28,60,66,0,47.6%,6.67,+1.33,5,5,0,137.08,22.97,167.18,80.26
2023,Darwin Hu,14,10,4,0,2027.88,1891.34,76,50,0,60.3%,8.44,+1.56,2,3,+1,144.85,22.52,178.52,104.04
2023,Evan Fukumoto,14,8,6,0,1933.58,1934.1,58,68,0,46.0%,6.44,+1.56,4,7,+3,138.11,19.96,176.04,101.78
2023,Harvey Wang,14,7,7,0,1958.22,1926.32,59,67,0,46.8%,6.56,+0.44,7,6,-1,139.87,19.58,179.6,99.92
2023,Ikaika Stone,14,8,6,0,2087.12,1951.62,82,44,0,65.1%,9.11,-1.11,3,2,-1,149.08,15.63,179.54,120.26
2023,Jeffrey Chan,14,11,3,0,2216.98,1868.32,88,38,0,69.8%,9.78,+1.22,1,1,0,158.36,34.32,222.98,86.84
2023,Justin Ho,14,5,9,0,1850.44,1944.52,44,82,0,34.9%,4.89,+0.11,8,10,+2,132.17,21.16,166.78,100.8
2023,Prashanth Balaraman,14,8,6,0,1883.06,1874.06,50,76,0,39.7%,5.56,+2.44,6,8,+2,134.5,23.72,174.66,94.78
2023,Rollin Odama-Wong,14,2,12,0,1965.38,2182.44,66,60,0,52.4%,7.33,-5.33,10,4,-6,140.38,16.06,172.84,117.86
2024,Chase Mizoguchi,14,6,8,0,1736.44,1907.36,34,92,0,27.0%,3.78,+2.22,8,10,+2,124.03,19.34,166.08,89.2
2024,Christopher Pascual,14,6,8,0,1781.88,1876.84,43,83,0,34.1%,4.78,+1.22,7,9,+2,127.28,21.68,161.98,82.42
2024,Darwin Hu,14,9,5,0,2235.18,2073.88,93,33,0,73.8%,10.33,-1.33,3,1,-2,159.66,25.54,197.26,113.1
2024,Evan Fukumoto,14,7,7,0,1937,1949.6,65,61,0,51.6%,7.22,-0.22,5,5,0,138.36,17.65,171.38,112.52
2024,Harvey Wang,14,5,9,0,1885.44,2045.28,55,71,0,43.7%,6.11,-1.11,9,7,-2,134.67,20.81,181.9,91.78
2024,Ikaika Stone,14,6,8,0,1944.5,2049.54,64,62,0,50.8%,7.11,-1.11,6,6,0,138.89,16.79,167.12,112.94
2024,Jeffrey Chan,14,4,10,0,1803.98,1945.36,49,77,0,38.9%,5.44,-1.44,10,8,-2,128.86,22.02,173.44,96.18
2024,Justin Ho,14,10,4,0,1937.56,1830.04,67,59,0,53.2%,7.44,+2.56,2,4,+2,138.4,21.63,173.1,92.54
2024,Prashanth Balaraman,14,10,4,0,2142.62,1835.4,91,35,0,72.2%,10.11,-0.11,1,2,+1,153.04,30.97,230.04,97.16
2024,Rollin Odama-Wong,14,7,7,0,1992.74,1884.04,69,57,0,54.8%,7.67,-0.67,4,3,-1,142.34,21.23,178.8,106.26
2025,Chase Mizoguchi,14,5,9,0,1841.56,2047.56,52,74,0,41.3%,5.78,-0.78,9,9,0,131.54,27.39,201.98,85.66
2025,Christopher Pascual,14,9,5,0,1859.88,1866.68,56,70,0,44.4%,6.22,+2.78,3,8,+5,132.85,13.33,151.84,108.34
2025,Darwin Hu,14,7,7,0,2021.34,1975.94,73,53,0,57.9%,8.11,-1.11,4,2,-2,144.38,17.9,183.26,113.1
2025,Evan Fukumoto,14,6,8,0,1930.86,2000,59,67,0,46.8%,6.56,-0.56,8,6,-2,137.92,27.3,188.88,102.86
2025,Harvey Wang,14,10,4,0,2002.52,1809.66,79,47,0,62.7%,8.78,+1.22,1,1,0,143.04,13.75,165.36,113.68
2025,Ikaika Stone,14,7,7,0,1865.94,1851.42,56,70,0,44.4%,6.22,+0.78,5,7,+2,133.28,20.91,191.24,103.76
2025,Jeffrey Chan,14,7,7,0,1825.82,1873.54,52,74,0,41.3%,5.78,+1.22,6,10,+4,130.42,23.59,181.28,93.24
2025,Justin Ho,14,4,10,0,1858.4,1979.12,61,65,0,48.4%,6.78,-2.78,10,5,-5,132.74,21.17,162,87.08
2025,Prashanth Balaraman,14,6,8,0,1980.5,1891.08,71,55,0,56.3%,7.89,-1.89,7,4,-3,141.46,22,176.06,98.24
2025,Rollin Odama-Wong,14,9,5,0,1987,1878.82,71,55,0,56.3%,7.89,+1.11,2,3,+1,141.93,23.94,186.36,105.62
