Year,FromWeek,ToWeek,PlayerId,Player,Position,FromTeamId,FromTeam,FromManager,ToTeamId,ToTeam,ToManager,MoveType,ReciprocalSameWindow
2022,1,2,4241389,CeeDee Lamb,WR,5,Chute Mi,Justin Ho,6,2020+2022 Champion,Rollin Odama-Wong,UNLOGGED (reciprocal - likely trade),1
2022,1,2,4360294,Antonio Gibson,RB,6,2020+2022 Champion,Rollin Odama-Wong,5,Chute Mi,Justin Ho,UNLOGGED (reciprocal - likely trade),1
2022,1,2,3135321,Hunter Renfrow,WR,1,IF I DON'T WIN THEN I QUIT,Chase Mizoguchi,13,. Tweedle Dame,Darwin Hu,WAIVER/FA PICKUP,0
2022,1,2,15880,Robert Woods,WR,3,Vietokwuegbunam Flashback,Ikaika Stone,4,I hate Rollin,Evan Fukumoto,WAIVER/FA PICKUP,0
2022,2,3,2573079,Carson Wentz,QB,6,2020+2022 Champion,Rollin Odama-Wong,4,I hate Rollin,Evan Fukumoto,TRADE (ESPN log),1
2022,2,3,11237,Matt Ryan,QB,1,IF I DON'T WIN THEN I QUIT,Chase Mizoguchi,3,Vietokwuegbunam Flashback,Ikaika Stone,WAIVER/FA PICKUP,0
2022,2,3,3917792,Daniel Jones,QB,1,IF I DON'T WIN THEN I QUIT,Chase Mizoguchi,6,2020+2022 Champion,Rollin Odama-Wong,WAIVER/FA PICKUP,0
2022,2,3,4360939,Rashod Bateman,WR,4,I hate Rollin,Evan Fukumoto,6,2020+2022 Champion,Rollin Odama-Wong,TRADE (ESPN log),1
2022,3,4,3116365,Mark Andrews,TE,5,Chute Mi,Justin Ho,1,IF I DON'T WIN THEN I QUIT,Chase Mizoguchi,TRADE (ESPN log),1
2022,3,4,4241985,J.K. Dobbins,RB,5,Chute Mi,Justin Ho,1,IF I DON'T WIN THEN I QUIT,Chase Mizoguchi,TRADE (ESPN log),1
2022,3,4,2573079,Carson Wentz,QB,4,I hate Rollin,Evan Fukumoto,3,Vietokwuegbunam Flashback,Ikaika Stone,TRADE (ESPN log),1
2022,3,4,3117251,Christian McCaffrey,RB,1,IF I DON'T WIN THEN I QUIT,Chase Mizoguchi,5,Chute Mi,Justin Ho,TRADE (ESPN log),1
2022,3,4,3115364,Leonard Fournette,RB,1,IF I DON'T WIN THEN I QUIT,Chase Mizoguchi,3,Vietokwuegbunam Flashback,Ikaika Stone,UNLOGGED (reciprocal - likely trade),1
2022,3,4,4360248,Kyle Pitts Sr.,TE,1,IF I DON'T WIN THEN I QUIT,Chase Mizoguchi,5,Chute Mi,Justin Ho,TRADE (ESPN log),1
2022,3,4,11237,Matt Ryan,QB,3,Vietokwuegbunam Flashback,Ikaika Stone,8,I Chase Young Kids,Prashanth Balaraman,UNLOGGED (reciprocal - likely trade),1
2022,3,4,3042519,Aaron Jones Sr.,RB,4,I hate Rollin,Evan Fukumoto,3,Vietokwuegbunam Flashback,Ikaika Stone,TRADE (ESPN log),1
2022,3,4,3128390,Allen Lazard,WR,4,I hate Rollin,Evan Fukumoto,3,Vietokwuegbunam Flashback,Ikaika Stone,TRADE (ESPN log),1
2022,3,4,3116593,Dalvin Cook,RB,3,Vietokwuegbunam Flashback,Ikaika Stone,1,IF I DON'T WIN THEN I QUIT,Chase Mizoguchi,UNLOGGED (reciprocal - likely trade),1
2022,3,4,16737,Mike Evans,WR,3,Vietokwuegbunam Flashback,Ikaika Stone,8,I Chase Young Kids,Prashanth Balaraman,UNLOGGED (reciprocal - likely trade),1
2022,3,4,3917315,Kyler Murray,QB,3,Vietokwuegbunam Flashback,Ikaika Stone,4,I hate Rollin,Evan Fukumoto,TRADE (ESPN log),1
2022,3,4,4242214,Clyde Edwards-Helaire,RB,3,Vietokwuegbunam Flashback,Ikaika Stone,8,I Chase Young Kids,Prashanth Balaraman,UNLOGGED (reciprocal - likely trade),1
2022,3,4,3120348,JuJu Smith-Schuster,WR,3,Vietokwuegbunam Flashback,Ikaika Stone,4,I hate Rollin,Evan Fukumoto,TRADE (ESPN log),1
2022,3,4,3139925,Rashaad Penny,RB,3,Vietokwuegbunam Flashback,Ikaika Stone,1,IF I DON'T WIN THEN I QUIT,Chase Mizoguchi,UNLOGGED (reciprocal - likely trade),1
2022,3,4,4047646,A.J. Brown,WR,8,I Chase Young Kids,Prashanth Balaraman,3,Vietokwuegbunam Flashback,Ikaika Stone,UNLOGGED (reciprocal - likely trade),1
2022,3,4,2573401,Tyler Higbee,TE,8,I Chase Young Kids,Prashanth Balaraman,3,Vietokwuegbunam Flashback,Ikaika Stone,UNLOGGED (reciprocal - likely trade),1
2022,3,4,3918639,Gerald Everett,TE,3,Vietokwuegbunam Flashback,Ikaika Stone,4,I hate Rollin,Evan Fukumoto,WAIVER/FA PICKUP,1
2022,4,5,4360939,Rashod Bateman,WR,6,2020+2022 Champion,Rollin Odama-Wong,3,Vietokwuegbunam Flashback,Ikaika Stone,WAIVER/FA PICKUP,0
2022,5,6,15795,DeAndre Hopkins,WR,5,Chute Mi,Justin Ho,3,Vietokwuegbunam Flashback,Ikaika Stone,UNLOGGED (reciprocal - likely trade),1
2022,5,6,3051909,Daniel Carlson,K,4,I hate Rollin,Evan Fukumoto,13,. Tweedle Dame,Darwin Hu,WAIVER/FA PICKUP,0
2022,5,6,2576434,Melvin Gordon III,RB,3,Vietokwuegbunam Flashback,Ikaika Stone,5,Chute Mi,Justin Ho,UNLOGGED (reciprocal - likely trade),1
2022,5,6,16728,Teddy Bridgewater,QB,3,Vietokwuegbunam Flashback,Ikaika Stone,5,Chute Mi,Justin Ho,UNLOGGED (reciprocal - likely trade),1
2022,6,7,4567048,Kenneth Walker III,RB,6,2020+2022 Champion,Rollin Odama-Wong,7,Season Is Over,Christopher Pascual,UNLOGGED (reciprocal - likely trade),1
2022,6,7,2330,Tom Brady,QB,7,Season Is Over,Christopher Pascual,6,2020+2022 Champion,Rollin Odama-Wong,UNLOGGED (reciprocal - likely trade),1
2022,6,7,4239996,Travis Etienne Jr.,RB,7,Season Is Over,Christopher Pascual,6,2020+2022 Champion,Rollin Odama-Wong,UNLOGGED (reciprocal - likely trade),1
2022,6,7,2573079,Carson Wentz,QB,3,Vietokwuegbunam Flashback,Ikaika Stone,4,I hate Rollin,Evan Fukumoto,WAIVER/FA PICKUP,1
2022,6,7,12731,Ryan Succop,K,13,. Tweedle Dame,Darwin Hu,4,I hate Rollin,Evan Fukumoto,WAIVER/FA PICKUP,0
2022,6,7,2969939,Jameis Winston,QB,2,Tweedle Dee-bo,Harvey Wang,3,Vietokwuegbunam Flashback,Ikaika Stone,UNLOGGED (reciprocal - likely trade),1
2022,6,7,3046779,Jared Goff,QB,6,2020+2022 Champion,Rollin Odama-Wong,7,Season Is Over,Christopher Pascual,UNLOGGED (reciprocal - likely trade),1
2022,6,7,4241464,Mac Jones,QB,3,Vietokwuegbunam Flashback,Ikaika Stone,2,Tweedle Dee-bo,Harvey Wang,UNLOGGED (reciprocal - likely trade),1
2022,6,7,3051308,PJ Walker,QB,6,2020+2022 Champion,Rollin Odama-Wong,2,Tweedle Dee-bo,Harvey Wang,WAIVER/FA PICKUP,0
2022,6,7,16486,Brett Maher,K,4,I hate Rollin,Evan Fukumoto,3,Vietokwuegbunam Flashback,Ikaika Stone,WAIVER/FA PICKUP,1
2022,7,8,3051392,Ezekiel Elliott,RB,5,Chute Mi,Justin Ho,13,. Tweedle Dame,Darwin Hu,UNLOGGED (reciprocal - likely trade),1
2022,7,8,3915511,Joe Burrow,QB,5,Chute Mi,Justin Ho,13,. Tweedle Dame,Darwin Hu,UNLOGGED (reciprocal - likely trade),1
2022,7,8,4426502,Drake London,WR,5,Chute Mi,Justin Ho,14,Kick or die Kick,Jeffrey Chan,UNLOGGED,0
2022,7,8,2577327,Tyler Lockett,WR,5,Chute Mi,Justin Ho,14,Kick or die Kick,Jeffrey Chan,UNLOGGED,0
2022,7,8,4360294,Antonio Gibson,RB,5,Chute Mi,Justin Ho,13,. Tweedle Dame,Darwin Hu,UNLOGGED (reciprocal - likely trade),1
2022,7,8,4360248,Kyle Pitts Sr.,TE,5,Chute Mi,Justin Ho,13,. Tweedle Dame,Darwin Hu,UNLOGGED (reciprocal - likely trade),1
2022,7,8,2576434,Melvin Gordon III,RB,5,Chute Mi,Justin Ho,14,Kick or die Kick,Jeffrey Chan,UNLOGGED,0
2022,7,8,4239993,Tee Higgins,WR,14,Kick or die Kick,Jeffrey Chan,13,. Tweedle Dame,Darwin Hu,UNLOGGED,0
2022,7,8,4038941,Justin Herbert,QB,13,. Tweedle Dame,Darwin Hu,5,Chute Mi,Justin Ho,UNLOGGED (reciprocal - likely trade),1
2022,7,8,3128429,Courtland Sutton,WR,13,. Tweedle Dame,Darwin Hu,5,Chute Mi,Justin Ho,UNLOGGED (reciprocal - likely trade),1
2022,7,8,4047650,DK Metcalf,WR,13,. Tweedle Dame,Darwin Hu,5,Chute Mi,Justin Ho,UNLOGGED (reciprocal - likely trade),1
2022,7,8,4360238,Dameon Pierce,RB,13,. Tweedle Dame,Darwin Hu,5,Chute Mi,Justin Ho,UNLOGGED (reciprocal - likely trade),1
2022,7,8,14876,Ryan Tannehill,QB,13,. Tweedle Dame,Darwin Hu,3,Vietokwuegbunam Flashback,Ikaika Stone,UNLOGGED (reciprocal - likely trade),1
2022,7,8,2969939,Jameis Winston,QB,3,Vietokwuegbunam Flashback,Ikaika Stone,13,. Tweedle Dame,Darwin Hu,UNLOGGED (reciprocal - likely trade),1
2022,7,8,4241464,Mac Jones,QB,2,Tweedle Dee-bo,Harvey Wang,8,I Chase Young Kids,Prashanth Balaraman,WAIVER/FA PICKUP,0
2022,7,8,4361411,Pat Freiermuth,TE,13,. Tweedle Dame,Darwin Hu,5,Chute Mi,Justin Ho,UNLOGGED (reciprocal - likely trade),1
2022,7,8,2578570,Jacoby Brissett,QB,2,Tweedle Dee-bo,Harvey Wang,3,Vietokwuegbunam Flashback,Ikaika Stone,WAIVER/FA PICKUP,0
2022,7,8,-16020,Jets D/ST,D/ST,6,2020+2022 Champion,Rollin Odama-Wong,1,IF I DON'T WIN THEN I QUIT,Chase Mizoguchi,WAIVER/FA PICKUP,0
2022,7,8,-16017,Patriots D/ST,D/ST,4,I hate Rollin,Evan Fukumoto,5,Chute Mi,Justin Ho,WAIVER/FA PICKUP,0
2022,8,9,4361409,Jahan Dotson,WR,7,Season Is Over,Christopher Pascual,8,I Chase Young Kids,Prashanth Balaraman,UNLOGGED (reciprocal - likely trade),1
2022,8,9,3045147,James Conner,RB,14,Kick or die Kick,Jeffrey Chan,4,I hate Rollin,Evan Fukumoto,WAIVER/FA PICKUP,0
2022,8,9,16760,Jimmy Garoppolo,QB,4,I hate Rollin,Evan Fukumoto,13,. Tweedle Dame,Darwin Hu,TRADE (ESPN log),0
2022,8,9,2578570,Jacoby Brissett,QB,3,Vietokwuegbunam Flashback,Ikaika Stone,4,I hate Rollin,Evan Fukumoto,WAIVER/FA PICKUP,0
2022,8,9,14012,Andy Dalton,QB,7,Season Is Over,Christopher Pascual,8,I Chase Young Kids,Prashanth Balaraman,UNLOGGED (reciprocal - likely trade),1
2022,8,9,4258195,Donovan Peoples-Jones,WR,8,I Chase Young Kids,Prashanth Balaraman,7,Season Is Over,Christopher Pascual,UNLOGGED (reciprocal - likely trade),1
2022,8,9,4242512,Malik Willis,QB,13,. Tweedle Dame,Darwin Hu,3,Vietokwuegbunam Flashback,Ikaika Stone,WAIVER/FA PICKUP,0
2022,9,10,4046692,Chase Claypool,WR,3,Vietokwuegbunam Flashback,Ikaika Stone,7,Season Is Over,Christopher Pascual,UNLOGGED (reciprocal - likely trade),1
2022,9,10,3043078,Derrick Henry,RB,7,Season Is Over,Christopher Pascual,3,Vietokwuegbunam Flashback,Ikaika Stone,UNLOGGED (reciprocal - likely trade),1
2022,9,10,4241478,DeVonta Smith,WR,7,Season Is Over,Christopher Pascual,3,Vietokwuegbunam Flashback,Ikaika Stone,UNLOGGED (reciprocal - likely trade),1
2022,9,10,4426354,George Pickens,WR,4,I hate Rollin,Evan Fukumoto,3,Vietokwuegbunam Flashback,Ikaika Stone,TRADE (ESPN log),1
2022,9,10,3042519,Aaron Jones Sr.,RB,3,Vietokwuegbunam Flashback,Ikaika Stone,7,Season Is Over,Christopher Pascual,UNLOGGED (reciprocal - likely trade),1
2022,9,10,16757,Derek Carr,QB,14,Kick or die Kick,Jeffrey Chan,2,Tweedle Dee-bo,Harvey Wang,UNLOGGED (reciprocal - likely trade),1
2022,9,10,3045144,Tyler Boyd,WR,3,Vietokwuegbunam Flashback,Ikaika Stone,4,I hate Rollin,Evan Fukumoto,TRADE (ESPN log),1
2022,9,10,14876,Ryan Tannehill,QB,3,Vietokwuegbunam Flashback,Ikaika Stone,4,I hate Rollin,Evan Fukumoto,TRADE (ESPN log),1
2022,9,10,4241457,Najee Harris,RB,2,Tweedle Dee-bo,Harvey Wang,14,Kick or die Kick,Jeffrey Chan,UNLOGGED (reciprocal - likely trade),1
2022,9,10,4047646,A.J. Brown,WR,3,Vietokwuegbunam Flashback,Ikaika Stone,7,Season Is Over,Christopher Pascual,UNLOGGED (reciprocal - likely trade),1
2022,9,10,2578570,Jacoby Brissett,QB,4,I hate Rollin,Evan Fukumoto,3,Vietokwuegbunam Flashback,Ikaika Stone,TRADE (ESPN log),1
2022,9,10,4697815,Rachaad White,RB,7,Season Is Over,Christopher Pascual,3,Vietokwuegbunam Flashback,Ikaika Stone,UNLOGGED (reciprocal - likely trade),1
2022,9,10,3051308,PJ Walker,QB,2,Tweedle Dee-bo,Harvey Wang,13,. Tweedle Dame,Darwin Hu,WAIVER/FA PICKUP,0
2022,9,10,15920,Latavius Murray,RB,4,I hate Rollin,Evan Fukumoto,3,Vietokwuegbunam Flashback,Ikaika Stone,TRADE (ESPN log),1
2022,9,10,3051876,Evan Engram,TE,14,Kick or die Kick,Jeffrey Chan,1,IF I DON'T WIN THEN I QUIT,Chase Mizoguchi,WAIVER/FA PICKUP,0
2022,10,11,-16018,Saints D/ST,D/ST,1,IF I DON'T WIN THEN I QUIT,Chase Mizoguchi,2,Tweedle Dee-bo,Harvey Wang,WAIVER/FA PICKUP,0
2022,10,11,3042519,Aaron Jones Sr.,RB,7,Season Is Over,Christopher Pascual,2,Tweedle Dee-bo,Harvey Wang,UNLOGGED (reciprocal - likely trade),1
2022,10,11,4242546,Davis Mills,QB,2,Tweedle Dee-bo,Harvey Wang,3,Vietokwuegbunam Flashback,Ikaika Stone,WAIVER/FA PICKUP,0
2022,10,11,4569173,Rhamondre Stevenson,RB,2,Tweedle Dee-bo,Harvey Wang,7,Season Is Over,Christopher Pascual,UNLOGGED (reciprocal - likely trade),1
2022,10,11,12460,Graham Gano,K,14,Kick or die Kick,Jeffrey Chan,5,Chute Mi,Justin Ho,WAIVER/FA PICKUP,0
2022,10,11,3051926,Gus Edwards,RB,6,2020+2022 Champion,Rollin Odama-Wong,3,Vietokwuegbunam Flashback,Ikaika Stone,UNLOGGED,0
2022,10,11,4258195,Donovan Peoples-Jones,WR,7,Season Is Over,Christopher Pascual,2,Tweedle Dee-bo,Harvey Wang,UNLOGGED (reciprocal - likely trade),1
2022,10,11,16782,Jerick McKinnon,RB,14,Kick or die Kick,Jeffrey Chan,6,2020+2022 Champion,Rollin Odama-Wong,WAIVER/FA PICKUP,0
2022,11,12,3054850,Alvin Kamara,RB,4,I hate Rollin,Evan Fukumoto,5,Chute Mi,Justin Ho,TRADE (ESPN log),1
2022,11,12,16720,C.J. Mosley,LB,14,Kick or die Kick,Jeffrey Chan,4,I hate Rollin,Evan Fukumoto,WAIVER/FA PICKUP,0
2022,11,12,3917315,Kyler Murray,QB,4,I hate Rollin,Evan Fukumoto,5,Chute Mi,Justin Ho,TRADE (ESPN log),1
2022,11,12,4038941,Justin Herbert,QB,5,Chute Mi,Justin Ho,4,I hate Rollin,Evan Fukumoto,TRADE (ESPN log),1
2022,11,12,4047650,DK Metcalf,WR,5,Chute Mi,Justin Ho,4,I hate Rollin,Evan Fukumoto,TRADE (ESPN log),1
2022,11,12,14876,Ryan Tannehill,QB,4,I hate Rollin,Evan Fukumoto,5,Chute Mi,Justin Ho,TRADE (ESPN log),1
2022,12,13,4258595,Cole Kmet,TE,6,2020+2022 Champion,Rollin Odama-Wong,13,. Tweedle Dame,Darwin Hu,WAIVER/FA PICKUP,0
2022,13,14,4240703,Kenny Pickett,QB,5,Chute Mi,Justin Ho,3,Vietokwuegbunam Flashback,Ikaika Stone,WAIVER/FA PICKUP,0
2022,13,14,14876,Ryan Tannehill,QB,5,Chute Mi,Justin Ho,8,I Chase Young Kids,Prashanth Balaraman,UNLOGGED (reciprocal - likely trade),1
2022,13,14,4241464,Mac Jones,QB,4,I hate Rollin,Evan Fukumoto,1,IF I DON'T WIN THEN I QUIT,Chase Mizoguchi,TRADE (ESPN log),1
2022,13,14,4372485,Rondale Moore,WR,1,IF I DON'T WIN THEN I QUIT,Chase Mizoguchi,4,I hate Rollin,Evan Fukumoto,TRADE (ESPN log),1
2022,13,14,3121427,Curtis Samuel,WR,4,I hate Rollin,Evan Fukumoto,1,IF I DON'T WIN THEN I QUIT,Chase Mizoguchi,TRADE (ESPN log),1
2022,13,14,3049899,Younghoe Koo,K,2,Tweedle Dee-bo,Harvey Wang,7,Season Is Over,Christopher Pascual,WAIVER/FA PICKUP,0
2022,13,14,14012,Andy Dalton,QB,8,I Chase Young Kids,Prashanth Balaraman,3,Vietokwuegbunam Flashback,Ikaika Stone,WAIVER/FA PICKUP,0
2022,13,14,4361529,Isiah Pacheco,RB,8,I Chase Young Kids,Prashanth Balaraman,5,Chute Mi,Justin Ho,UNLOGGED (reciprocal - likely trade),1
2022,14,15,3915416,DJ Moore,WR,6,2020+2022 Champion,Rollin Odama-Wong,1,IF I DON'T WIN THEN I QUIT,Chase Mizoguchi,WAIVER/FA PICKUP,0
2022,14,15,4242546,Davis Mills,QB,4,I hate Rollin,Evan Fukumoto,1,IF I DON'T WIN THEN I QUIT,Chase Mizoguchi,TRADE (ESPN log),1
2022,14,15,14876,Ryan Tannehill,QB,8,I Chase Young Kids,Prashanth Balaraman,5,Chute Mi,Justin Ho,UNLOGGED (reciprocal - likely trade),1
2022,14,15,4241464,Mac Jones,QB,1,IF I DON'T WIN THEN I QUIT,Chase Mizoguchi,4,I hate Rollin,Evan Fukumoto,TRADE (ESPN log),1
2022,14,15,4372485,Rondale Moore,WR,4,I hate Rollin,Evan Fukumoto,1,IF I DON'T WIN THEN I QUIT,Chase Mizoguchi,TRADE (ESPN log),1
2022,14,15,3121427,Curtis Samuel,WR,1,IF I DON'T WIN THEN I QUIT,Chase Mizoguchi,4,I hate Rollin,Evan Fukumoto,TRADE (ESPN log),1
2022,14,15,4361529,Isiah Pacheco,RB,5,Chute Mi,Justin Ho,8,I Chase Young Kids,Prashanth Balaraman,UNLOGGED (reciprocal - likely trade),1
2022,14,15,3126349,Rashaan Evans,LB,5,Chute Mi,Justin Ho,6,2020+2022 Champion,Rollin Odama-Wong,WAIVER/FA PICKUP,0
2023,1,2,4048244,Alexander Mattison,RB,5,1-800-273-8255 @ 0:37-041,Justin Ho,4,Little munchkin,Evan Fukumoto,TRADE (ESPN log),1
2023,1,2,16760,Jimmy Garoppolo,QB,5,1-800-273-8255 @ 0:37-041,Justin Ho,4,Little munchkin,Evan Fukumoto,TRADE (ESPN log),1
2023,1,2,4241474,Brian Robinson Jr.,RB,4,Little munchkin,Evan Fukumoto,5,1-800-273-8255 @ 0:37-041,Justin Ho,TRADE (ESPN log),1
2023,1,2,4036378,Jordan Love,QB,4,Little munchkin,Evan Fukumoto,5,1-800-273-8255 @ 0:37-041,Justin Ho,TRADE (ESPN log),1
2023,1,2,4430191,Skyy Moore,WR,8,Damardiac Arrest,Prashanth Balaraman,6,2020+2022+2023 Champion,Rollin Odama-Wong,WAIVER/FA PICKUP,0
2023,2,3,4241389,CeeDee Lamb,WR,5,1-800-273-8255 @ 0:37-041,Justin Ho,2,CeeDeez Nuts In Ur Mout,Harvey Wang,UNLOGGED (reciprocal - likely trade),1
2023,2,3,3116593,Dalvin Cook,RB,5,1-800-273-8255 @ 0:37-041,Justin Ho,2,CeeDeez Nuts In Ur Mout,Harvey Wang,UNLOGGED (reciprocal - likely trade),1
2023,2,3,4569618,Garrett Wilson,WR,2,CeeDeez Nuts In Ur Mout,Harvey Wang,5,1-800-273-8255 @ 0:37-041,Justin Ho,UNLOGGED (reciprocal - likely trade),1
2023,2,3,4361579,Javonte Williams,RB,2,CeeDeez Nuts In Ur Mout,Harvey Wang,5,1-800-273-8255 @ 0:37-041,Justin Ho,UNLOGGED (reciprocal - likely trade),1
2023,2,3,3045523,Kendrick Bourne,WR,1,I WANT TO KILL MYSELF,Chase Mizoguchi,3,Vietokwuegbunam Flashback,Ikaika Stone,WAIVER/FA PICKUP,0
2023,3,4,4371733,Kenneth Gainwell,RB,6,2020+2022+2023 Champion,Rollin Odama-Wong,3,Vietokwuegbunam Flashback,Ikaika Stone,WAIVER/FA PICKUP,0
2023,3,4,4361741,Brock Purdy,QB,1,I WANT TO KILL MYSELF,Chase Mizoguchi,2,CeeDeez Nuts In Ur Mout,Harvey Wang,UNLOGGED (reciprocal - likely trade),1
2023,3,4,3040151,George Kittle,TE,13,1ST TEAM ALL GLAZER,Darwin Hu,8,Damardiac Arrest,Prashanth Balaraman,UNLOGGED (reciprocal - likely trade),1
2023,3,4,3917792,Daniel Jones,QB,2,CeeDeez Nuts In Ur Mout,Harvey Wang,1,I WANT TO KILL MYSELF,Chase Mizoguchi,UNLOGGED (reciprocal - likely trade),1
2023,3,4,3916433,Jakobi Meyers,WR,2,CeeDeez Nuts In Ur Mout,Harvey Wang,1,I WANT TO KILL MYSELF,Chase Mizoguchi,UNLOGGED (reciprocal - likely trade),1
2023,3,4,4239086,Desmond Ridder,QB,2,CeeDeez Nuts In Ur Mout,Harvey Wang,3,Vietokwuegbunam Flashback,Ikaika Stone,WAIVER/FA PICKUP,0
2023,3,4,2576925,Darren Waller,TE,8,Damardiac Arrest,Prashanth Balaraman,13,1ST TEAM ALL GLAZER,Darwin Hu,UNLOGGED (reciprocal - likely trade),1
2023,3,4,4430878,Jaxon Smith-Njigba,WR,8,Damardiac Arrest,Prashanth Balaraman,3,Vietokwuegbunam Flashback,Ikaika Stone,WAIVER/FA PICKUP,0
2023,4,5,4240703,Kenny Pickett,QB,5,1-800-273-8255 @ 0:37-041,Justin Ho,3,Vietokwuegbunam Flashback,Ikaika Stone,WAIVER/FA PICKUP,0
2023,4,5,15880,Robert Woods,WR,4,Little munchkin,Evan Fukumoto,14,Kick or die Kick,Jeffrey Chan,WAIVER/FA PICKUP,0
2023,5,6,4361432,Romeo Doubs,WR,6,2020+2022+2023 Champion,Rollin Odama-Wong,3,Vietokwuegbunam Flashback,Ikaika Stone,WAIVER/FA PICKUP,0
2023,5,6,2577417,Dak Prescott,QB,3,Vietokwuegbunam Flashback,Ikaika Stone,2,CeeDeez Nuts In Ur Mout,Harvey Wang,UNLOGGED (reciprocal - likely trade),1
2023,5,6,4035676,Zack Moss,RB,3,Vietokwuegbunam Flashback,Ikaika Stone,2,CeeDeez Nuts In Ur Mout,Harvey Wang,UNLOGGED (reciprocal - likely trade),1
2023,5,6,3915511,Joe Burrow,QB,2,CeeDeez Nuts In Ur Mout,Harvey Wang,3,Vietokwuegbunam Flashback,Ikaika Stone,UNLOGGED (reciprocal - likely trade),1
2023,5,6,4242355,Jake Ferguson,TE,2,CeeDeez Nuts In Ur Mout,Harvey Wang,8,Damardiac Arrest,Prashanth Balaraman,WAIVER/FA PICKUP,0
2023,5,6,-16008,Lions D/ST,D/ST,1,I WANT TO KILL MYSELF,Chase Mizoguchi,13,1ST TEAM ALL GLAZER,Darwin Hu,WAIVER/FA PICKUP,0
2023,6,7,4362628,Ja'Marr Chase,WR,5,1-800-273-8255 @ 0:37-041,Justin Ho,1,I WANT TO KILL MYSELF,Chase Mizoguchi,UNLOGGED (reciprocal - likely trade),1
2023,6,7,4241457,Najee Harris,RB,5,1-800-273-8255 @ 0:37-041,Justin Ho,8,Damardiac Arrest,Prashanth Balaraman,WAIVER/FA PICKUP,0
2023,6,7,15795,DeAndre Hopkins,WR,6,2020+2022+2023 Champion,Rollin Odama-Wong,13,1ST TEAM ALL GLAZER,Darwin Hu,UNLOGGED (reciprocal - likely trade),1
2023,6,7,-16021,Eagles D/ST,D/ST,6,2020+2022+2023 Champion,Rollin Odama-Wong,13,1ST TEAM ALL GLAZER,Darwin Hu,UNLOGGED (reciprocal - likely trade),1
2023,6,7,3124005,Zaire Franklin,LB,6,2020+2022+2023 Champion,Rollin Odama-Wong,13,1ST TEAM ALL GLAZER,Darwin Hu,UNLOGGED (reciprocal - likely trade),1
2023,6,7,4047365,Josh Jacobs,RB,1,I WANT TO KILL MYSELF,Chase Mizoguchi,5,1-800-273-8255 @ 0:37-041,Justin Ho,UNLOGGED (reciprocal - likely trade),1
2023,6,7,3925357,Calvin Ridley,WR,1,I WANT TO KILL MYSELF,Chase Mizoguchi,5,1-800-273-8255 @ 0:37-041,Justin Ho,UNLOGGED (reciprocal - likely trade),1
2023,6,7,14880,Kirk Cousins,QB,1,I WANT TO KILL MYSELF,Chase Mizoguchi,5,1-800-273-8255 @ 0:37-041,Justin Ho,UNLOGGED (reciprocal - likely trade),1
2023,6,7,3051876,Evan Engram,TE,1,I WANT TO KILL MYSELF,Chase Mizoguchi,5,1-800-273-8255 @ 0:37-041,Justin Ho,UNLOGGED (reciprocal - likely trade),1
2023,6,7,4241474,Brian Robinson Jr.,RB,5,1-800-273-8255 @ 0:37-041,Justin Ho,1,I WANT TO KILL MYSELF,Chase Mizoguchi,UNLOGGED (reciprocal - likely trade),1
2023,6,7,3915416,DJ Moore,WR,13,1ST TEAM ALL GLAZER,Darwin Hu,6,2020+2022+2023 Champion,Rollin Odama-Wong,UNLOGGED (reciprocal - likely trade),1
2023,6,7,4429205,Jordan Addison,WR,13,1ST TEAM ALL GLAZER,Darwin Hu,6,2020+2022+2023 Champion,Rollin Odama-Wong,UNLOGGED (reciprocal - likely trade),1
2023,6,7,4426385,Zach Charbonnet,RB,13,1ST TEAM ALL GLAZER,Darwin Hu,6,2020+2022+2023 Champion,Rollin Odama-Wong,UNLOGGED (reciprocal - likely trade),1
2023,6,7,4430878,Jaxon Smith-Njigba,WR,3,Vietokwuegbunam Flashback,Ikaika Stone,13,1ST TEAM ALL GLAZER,Darwin Hu,WAIVER/FA PICKUP,0
2023,6,7,4430027,Sam LaPorta,TE,5,1-800-273-8255 @ 0:37-041,Justin Ho,1,I WANT TO KILL MYSELF,Chase Mizoguchi,UNLOGGED (reciprocal - likely trade),1
2023,6,7,3059722,Zay Jones,WR,7,This Is Jahmyr's Team,Christopher Pascual,3,Vietokwuegbunam Flashback,Ikaika Stone,WAIVER/FA PICKUP,0
2023,6,7,4430737,Kyren Williams,RB,6,2020+2022+2023 Champion,Rollin Odama-Wong,13,1ST TEAM ALL GLAZER,Darwin Hu,UNLOGGED (reciprocal - likely trade),1
2023,6,7,4372066,Jake Moody,K,6,2020+2022+2023 Champion,Rollin Odama-Wong,4,Little munchkin,Evan Fukumoto,WAIVER/FA PICKUP,0
2023,6,7,-16008,Lions D/ST,D/ST,13,1ST TEAM ALL GLAZER,Darwin Hu,6,2020+2022+2023 Champion,Rollin Odama-Wong,UNLOGGED (reciprocal - likely trade),1
2023,6,7,3054212,Jonnu Smith,TE,7,This Is Jahmyr's Team,Christopher Pascual,4,Little munchkin,Evan Fukumoto,WAIVER/FA PICKUP,0
2023,6,7,3916566,K.J. Osborn,WR,6,2020+2022+2023 Champion,Rollin Odama-Wong,3,Vietokwuegbunam Flashback,Ikaika Stone,WAIVER/FA PICKUP,0
2023,7,8,4239993,Tee Higgins,WR,6,2020+2022+2023 Champion,Rollin Odama-Wong,13,1ST TEAM ALL GLAZER,Darwin Hu,UNLOGGED (reciprocal - likely trade),1
2023,7,8,4243537,Gabe Davis,WR,6,2020+2022+2023 Champion,Rollin Odama-Wong,4,Little munchkin,Evan Fukumoto,WAIVER/FA PICKUP,0
2023,7,8,3917232,Tyler Bass,K,3,Vietokwuegbunam Flashback,Ikaika Stone,6,2020+2022+2023 Champion,Rollin Odama-Wong,WAIVER/FA PICKUP,0
2023,7,8,4366031,Tank Dell,WR,5,1-800-273-8255 @ 0:37-041,Justin Ho,13,1ST TEAM ALL GLAZER,Darwin Hu,WAIVER/FA PICKUP,0
2023,7,8,4039359,Darrell Henderson Jr.,RB,13,1ST TEAM ALL GLAZER,Darwin Hu,6,2020+2022+2023 Champion,Rollin Odama-Wong,UNLOGGED (reciprocal - likely trade),1
2023,9,10,4362628,Ja'Marr Chase,WR,1,I WANT TO KILL MYSELF,Chase Mizoguchi,8,Damardiac Arrest,Prashanth Balaraman,UNLOGGED (reciprocal - likely trade),1
2023,9,10,4240703,Kenny Pickett,QB,3,Vietokwuegbunam Flashback,Ikaika Stone,13,1ST TEAM ALL GLAZER,Darwin Hu,UNLOGGED (reciprocal - likely trade),1
2023,9,10,-16030,Jaguars D/ST,D/ST,5,1-800-273-8255 @ 0:37-041,Justin Ho,2,CeeDeez Nuts In Ur Mout,Harvey Wang,WAIVER/FA PICKUP,0
2023,9,10,3918298,Josh Allen,QB,6,2020+2022+2023 Champion,Rollin Odama-Wong,3,Vietokwuegbunam Flashback,Ikaika Stone,TRADE (ESPN log),1
2023,9,10,3139477,Patrick Mahomes,QB,3,Vietokwuegbunam Flashback,Ikaika Stone,13,1ST TEAM ALL GLAZER,Darwin Hu,UNLOGGED (reciprocal - likely trade),1
2023,9,10,4372016,Jaylen Waddle,WR,3,Vietokwuegbunam Flashback,Ikaika Stone,6,2020+2022+2023 Champion,Rollin Odama-Wong,TRADE (ESPN log),1
2023,9,10,4569173,Rhamondre Stevenson,RB,13,1ST TEAM ALL GLAZER,Darwin Hu,6,2020+2022+2023 Champion,Rollin Odama-Wong,TRADE (ESPN log),0
2023,9,10,4360310,Trevor Lawrence,QB,13,1ST TEAM ALL GLAZER,Darwin Hu,6,2020+2022+2023 Champion,Rollin Odama-Wong,TRADE (ESPN log),0
2023,9,10,4360438,Brandon Aiyuk,WR,13,1ST TEAM ALL GLAZER,Darwin Hu,3,Vietokwuegbunam Flashback,Ikaika Stone,TRADE (ESPN log),1
2023,9,10,4360238,Dameon Pierce,RB,8,Damardiac Arrest,Prashanth Balaraman,5,1-800-273-8255 @ 0:37-041,Justin Ho,WAIVER/FA PICKUP,0
2023,9,10,16757,Derek Carr,QB,8,Damardiac Arrest,Prashanth Balaraman,1,I WANT TO KILL MYSELF,Chase Mizoguchi,UNLOGGED (reciprocal - likely trade),1
2023,9,10,4242335,Jonathan Taylor,RB,8,Damardiac Arrest,Prashanth Balaraman,1,I WANT TO KILL MYSELF,Chase Mizoguchi,UNLOGGED (reciprocal - likely trade),1
2023,9,10,4430878,Jaxon Smith-Njigba,WR,13,1ST TEAM ALL GLAZER,Darwin Hu,4,Little munchkin,Evan Fukumoto,WAIVER/FA PICKUP,0
2023,9,10,4361259,Zach Wilson,QB,2,CeeDeez Nuts In Ur Mout,Harvey Wang,8,Damardiac Arrest,Prashanth Balaraman,WAIVER/FA PICKUP,0
2023,9,10,4038524,Gardner Minshew,QB,6,2020+2022+2023 Champion,Rollin Odama-Wong,3,Vietokwuegbunam Flashback,Ikaika Stone,TRADE (ESPN log),1
2023,9,10,-16013,Raiders D/ST,D/ST,1,I WANT TO KILL MYSELF,Chase Mizoguchi,6,2020+2022+2023 Champion,Rollin Odama-Wong,WAIVER/FA PICKUP,0
2023,9,10,16339,Brandon McManus,K,7,This Is Jahmyr's Team,Christopher Pascual,13,1ST TEAM ALL GLAZER,Darwin Hu,WAIVER/FA PICKUP,0
2023,9,10,4361307,Trey McBride,TE,4,Little munchkin,Evan Fukumoto,3,Vietokwuegbunam Flashback,Ikaika Stone,WAIVER/FA PICKUP,0
2023,10,11,4241463,Jerry Jeudy,WR,3,Vietokwuegbunam Flashback,Ikaika Stone,5,1-800-273-8255 @ 0:37-041,Justin Ho,WAIVER/FA PICKUP,0
2023,11,12,4569173,Rhamondre Stevenson,RB,6,2020+2022+2023 Champion,Rollin Odama-Wong,2,CeeDeez Nuts In Ur Mout,Harvey Wang,UNLOGGED (reciprocal - likely trade),1
2023,11,12,3042519,Aaron Jones Sr.,RB,2,CeeDeez Nuts In Ur Mout,Harvey Wang,6,2020+2022+2023 Champion,Rollin Odama-Wong,UNLOGGED (reciprocal - likely trade),1
2023,11,12,4239934,AJ Dillon,RB,2,CeeDeez Nuts In Ur Mout,Harvey Wang,6,2020+2022+2023 Champion,Rollin Odama-Wong,UNLOGGED (reciprocal - likely trade),1
2023,11,12,4260394,Aidan O'Connell,QB,1,I WANT TO KILL MYSELF,Chase Mizoguchi,8,Damardiac Arrest,Prashanth Balaraman,WAIVER/FA PICKUP,0
2023,12,13,3043078,Derrick Henry,RB,7,This Is Jahmyr's Team,Christopher Pascual,5,1-800-273-8255 @ 0:37-041,Justin Ho,UNLOGGED (reciprocal - likely trade),1
2023,12,13,3917315,Kyler Murray,QB,7,This Is Jahmyr's Team,Christopher Pascual,4,Little munchkin,Evan Fukumoto,TRADE (ESPN log),1
2023,12,13,4569987,Jaylen Warren,RB,7,This Is Jahmyr's Team,Christopher Pascual,4,Little munchkin,Evan Fukumoto,TRADE (ESPN log),1
2023,12,13,3123076,David Njoku,TE,1,I WANT TO KILL MYSELF,Chase Mizoguchi,14,Kick or die Kick,Jeffrey Chan,UNLOGGED (reciprocal - likely trade),1
2023,12,13,3929630,Saquon Barkley,RB,4,Little munchkin,Evan Fukumoto,7,This Is Jahmyr's Team,Christopher Pascual,TRADE (ESPN log),1
2023,12,13,4362887,Justin Fields,QB,4,Little munchkin,Evan Fukumoto,7,This Is Jahmyr's Team,Christopher Pascual,TRADE (ESPN log),1
2023,12,13,3895856,Christian Kirk,WR,4,Little munchkin,Evan Fukumoto,7,This Is Jahmyr's Team,Christopher Pascual,TRADE (ESPN log),1
2023,12,13,3117256,Dalton Schultz,TE,14,Kick or die Kick,Jeffrey Chan,1,I WANT TO KILL MYSELF,Chase Mizoguchi,UNLOGGED (reciprocal - likely trade),1
2023,12,13,4569618,Garrett Wilson,WR,5,1-800-273-8255 @ 0:37-041,Justin Ho,7,This Is Jahmyr's Team,Christopher Pascual,UNLOGGED (reciprocal - likely trade),1
2023,12,13,4239934,AJ Dillon,RB,6,2020+2022+2023 Champion,Rollin Odama-Wong,7,This Is Jahmyr's Team,Christopher Pascual,WAIVER/FA PICKUP,0
2023,12,13,-16018,Saints D/ST,D/ST,2,CeeDeez Nuts In Ur Mout,Harvey Wang,13,1ST TEAM ALL GLAZER,Darwin Hu,WAIVER/FA PICKUP,0
2023,12,13,4426515,Puka Nacua,WR,7,This Is Jahmyr's Team,Christopher Pascual,4,Little munchkin,Evan Fukumoto,TRADE (ESPN log),1
2023,12,13,4688813,Josh Downs,WR,1,I WANT TO KILL MYSELF,Chase Mizoguchi,5,1-800-273-8255 @ 0:37-041,Justin Ho,WAIVER/FA PICKUP,0
2023,13,14,-16030,Jaguars D/ST,D/ST,2,CeeDeez Nuts In Ur Mout,Harvey Wang,13,1ST TEAM ALL GLAZER,Darwin Hu,WAIVER/FA PICKUP,0
2023,13,14,3123076,David Njoku,TE,14,Kick or die Kick,Jeffrey Chan,1,I WANT TO KILL MYSELF,Chase Mizoguchi,TRADE (ESPN log),1
2023,13,14,3117256,Dalton Schultz,TE,1,I WANT TO KILL MYSELF,Chase Mizoguchi,14,Kick or die Kick,Jeffrey Chan,TRADE (ESPN log),1
2023,14,15,4360294,Antonio Gibson,RB,13,1ST TEAM ALL GLAZER,Darwin Hu,1,I WANT TO KILL MYSELF,Chase Mizoguchi,WAIVER/FA PICKUP,0
2023,14,15,3059722,Zay Jones,WR,1,I WANT TO KILL MYSELF,Chase Mizoguchi,7,This Is Jahmyr's Team,Christopher Pascual,WAIVER/FA PICKUP,0
2023,14,15,-16012,Chiefs D/ST,D/ST,13,1ST TEAM ALL GLAZER,Darwin Hu,8,Damardiac Arrest,Prashanth Balaraman,WAIVER/FA PICKUP,0
2023,14,15,3121409,Noah Brown,WR,1,I WANT TO KILL MYSELF,Chase Mizoguchi,4,Little munchkin,Evan Fukumoto,WAIVER/FA PICKUP,0
2024,1,2,4259545,D'Andre Swift,RB,7,Bishop Sycamore,Christopher Pascual,6,2020+2022+2024 Champion,Rollin Odama-Wong,WAIVER/FA PICKUP,0
2024,1,2,-16026,Seahawks D/ST,D/ST,13,GLAZER OF THE YEAR,Darwin Hu,2,Kapiolani Medical Center,Harvey Wang,WAIVER/FA PICKUP,0
2024,3,4,4361579,Javonte Williams,RB,6,2020+2022+2024 Champion,Rollin Odama-Wong,1,Gamblers Anonymous,Chase Mizoguchi,WAIVER/FA PICKUP,0
2024,3,4,3046779,Jared Goff,QB,13,GLAZER OF THE YEAR,Darwin Hu,8,Najee Germany,Prashanth Balaraman,UNLOGGED (reciprocal - likely trade),1
2024,3,4,4431611,Caleb Williams,QB,8,Najee Germany,Prashanth Balaraman,13,GLAZER OF THE YEAR,Darwin Hu,UNLOGGED (reciprocal - likely trade),1
2024,3,4,4361411,Pat Freiermuth,TE,7,Bishop Sycamore,Christopher Pascual,4,Heem Dawg,Evan Fukumoto,WAIVER/FA PICKUP,0
2024,3,4,4032473,Rashid Shaheed,WR,8,Najee Germany,Prashanth Balaraman,2,Kapiolani Medical Center,Harvey Wang,WAIVER/FA PICKUP,0
2024,3,4,4240021,Cam Akers,RB,1,Gamblers Anonymous,Chase Mizoguchi,2,Kapiolani Medical Center,Harvey Wang,WAIVER/FA PICKUP,0
2024,4,5,4239993,Tee Higgins,WR,3,Vietokwuegbunam Flashback,Ikaika Stone,7,Bishop Sycamore,Christopher Pascual,UNLOGGED (reciprocal - likely trade),1
2024,4,5,4569173,Rhamondre Stevenson,RB,3,Vietokwuegbunam Flashback,Ikaika Stone,7,Bishop Sycamore,Christopher Pascual,UNLOGGED (reciprocal - likely trade),1
2024,4,5,3068267,Austin Ekeler,RB,1,Gamblers Anonymous,Chase Mizoguchi,7,Bishop Sycamore,Christopher Pascual,UNLOGGED (reciprocal - likely trade),1
2024,4,5,3045147,James Conner,RB,7,Bishop Sycamore,Christopher Pascual,3,Vietokwuegbunam Flashback,Ikaika Stone,UNLOGGED (reciprocal - likely trade),1
2024,4,5,12483,Matthew Stafford,QB,7,Bishop Sycamore,Christopher Pascual,1,Gamblers Anonymous,Chase Mizoguchi,UNLOGGED (reciprocal - likely trade),1
2024,4,5,4242355,Jake Ferguson,TE,7,Bishop Sycamore,Christopher Pascual,3,Vietokwuegbunam Flashback,Ikaika Stone,UNLOGGED (reciprocal - likely trade),1
2024,4,5,4241985,J.K. Dobbins,RB,7,Bishop Sycamore,Christopher Pascual,1,Gamblers Anonymous,Chase Mizoguchi,UNLOGGED (reciprocal - likely trade),1
2024,4,5,4035676,Zack Moss,RB,7,Bishop Sycamore,Christopher Pascual,1,Gamblers Anonymous,Chase Mizoguchi,UNLOGGED (reciprocal - likely trade),1
2024,4,5,14012,Andy Dalton,QB,1,Gamblers Anonymous,Chase Mizoguchi,7,Bishop Sycamore,Christopher Pascual,UNLOGGED (reciprocal - likely trade),1
2024,4,5,4240021,Cam Akers,RB,2,Kapiolani Medical Center,Harvey Wang,8,Najee Germany,Prashanth Balaraman,WAIVER/FA PICKUP,0
2024,4,5,15835,Zach Ertz,TE,3,Vietokwuegbunam Flashback,Ikaika Stone,7,Bishop Sycamore,Christopher Pascual,UNLOGGED (reciprocal - likely trade),1
2024,5,6,4372019,Jerome Ford,RB,6,2020+2022+2024 Champion,Rollin Odama-Wong,8,Najee Germany,Prashanth Balaraman,UNLOGGED (reciprocal - likely trade),1
2024,5,6,4360310,Trevor Lawrence,QB,8,Najee Germany,Prashanth Balaraman,6,2020+2022+2024 Champion,Rollin Odama-Wong,UNLOGGED (reciprocal - likely trade),1
2024,5,6,11252,Joe Flacco,QB,6,2020+2022+2024 Champion,Rollin Odama-Wong,7,Bishop Sycamore,Christopher Pascual,WAIVER/FA PICKUP,0
2024,5,6,4241401,Trey Sermon,RB,8,Najee Germany,Prashanth Balaraman,13,GLAZER OF THE YEAR,Darwin Hu,WAIVER/FA PICKUP,0
2024,6,7,15795,DeAndre Hopkins,WR,6,2020+2022+2024 Champion,Rollin Odama-Wong,1,Gamblers Anonymous,Chase Mizoguchi,WAIVER/FA PICKUP,0
2024,6,7,4569618,Garrett Wilson,WR,6,2020+2022+2024 Champion,Rollin Odama-Wong,2,Kapiolani Medical Center,Harvey Wang,UNLOGGED (reciprocal - likely trade),1
2024,6,7,3116406,Tyreek Hill,WR,2,Kapiolani Medical Center,Harvey Wang,6,2020+2022+2024 Champion,Rollin Odama-Wong,UNLOGGED (reciprocal - likely trade),1
2024,6,7,4035676,Zack Moss,RB,1,Gamblers Anonymous,Chase Mizoguchi,4,Heem Dawg,Evan Fukumoto,WAIVER/FA PICKUP,0
2024,6,7,4360310,Trevor Lawrence,QB,6,2020+2022+2024 Champion,Rollin Odama-Wong,8,Najee Germany,Prashanth Balaraman,UNLOGGED,0
2024,6,7,3059915,Kareem Hunt,RB,13,GLAZER OF THE YEAR,Darwin Hu,3,Vietokwuegbunam Flashback,Ikaika Stone,UNLOGGED (reciprocal - likely trade),1
2024,6,7,4241401,Trey Sermon,RB,13,GLAZER OF THE YEAR,Darwin Hu,14,Kick or die,Jeffrey Chan,WAIVER/FA PICKUP,0
2024,6,7,4431452,Drake Maye,QB,3,Vietokwuegbunam Flashback,Ikaika Stone,13,GLAZER OF THE YEAR,Darwin Hu,UNLOGGED (reciprocal - likely trade),1
2024,7,8,4360516,Tyrone Tracy Jr.,RB,7,Bishop Sycamore,Christopher Pascual,13,GLAZER OF THE YEAR,Darwin Hu,WAIVER/FA PICKUP,0
2024,8,9,4429084,Anthony Richardson,QB,7,Bishop Sycamore,Christopher Pascual,13,GLAZER OF THE YEAR,Darwin Hu,WAIVER/FA PICKUP,0
2024,8,9,4428209,Ricky Pearsall,WR,3,Vietokwuegbunam Flashback,Ikaika Stone,4,Heem Dawg,Evan Fukumoto,WAIVER/FA PICKUP,0
2024,9,10,3117251,Christian McCaffrey,RB,5,#freekylepitts,Justin Ho,1,Gamblers Anonymous,Chase Mizoguchi,UNLOGGED (reciprocal - likely trade),1
2024,9,10,3915511,Joe Burrow,QB,5,#freekylepitts,Justin Ho,7,Bishop Sycamore,Christopher Pascual,UNLOGGED (reciprocal - likely trade),1
2024,9,10,4047365,Josh Jacobs,RB,6,2020+2022+2024 Champion,Rollin Odama-Wong,13,GLAZER OF THE YEAR,Darwin Hu,UNLOGGED (reciprocal - likely trade),1
2024,9,10,4430027,Sam LaPorta,TE,6,2020+2022+2024 Champion,Rollin Odama-Wong,3,Vietokwuegbunam Flashback,Ikaika Stone,WAIVER/FA PICKUP,0
2024,9,10,4432708,Marvin Harrison Jr.,WR,1,Gamblers Anonymous,Chase Mizoguchi,5,#freekylepitts,Justin Ho,UNLOGGED (reciprocal - likely trade),1
2024,9,10,4426348,Jayden Daniels,QB,1,Gamblers Anonymous,Chase Mizoguchi,5,#freekylepitts,Justin Ho,UNLOGGED (reciprocal - likely trade),1
2024,9,10,3123076,David Njoku,TE,1,Gamblers Anonymous,Chase Mizoguchi,8,Najee Germany,Prashanth Balaraman,UNLOGGED (reciprocal - likely trade),1
2024,9,10,4036378,Jordan Love,QB,2,Kapiolani Medical Center,Harvey Wang,1,Gamblers Anonymous,Chase Mizoguchi,UNLOGGED (reciprocal - likely trade),1
2024,9,10,4426338,Bo Nix,QB,1,Gamblers Anonymous,Chase Mizoguchi,2,Kapiolani Medical Center,Harvey Wang,UNLOGGED (reciprocal - likely trade),1
2024,9,10,4569173,Rhamondre Stevenson,RB,7,Bishop Sycamore,Christopher Pascual,5,#freekylepitts,Justin Ho,UNLOGGED (reciprocal - likely trade),1
2024,9,10,4047646,A.J. Brown,WR,7,Bishop Sycamore,Christopher Pascual,3,Vietokwuegbunam Flashback,Ikaika Stone,UNLOGGED (reciprocal - likely trade),1
2024,9,10,3045147,James Conner,RB,3,Vietokwuegbunam Flashback,Ikaika Stone,5,#freekylepitts,Justin Ho,UNLOGGED,0
2024,9,10,4430878,Jaxon Smith-Njigba,WR,13,GLAZER OF THE YEAR,Darwin Hu,6,2020+2022+2024 Champion,Rollin Odama-Wong,UNLOGGED (reciprocal - likely trade),1
2024,9,10,3040151,George Kittle,TE,8,Najee Germany,Prashanth Balaraman,1,Gamblers Anonymous,Chase Mizoguchi,UNLOGGED (reciprocal - likely trade),1
2024,9,10,4360569,Jordan Mason,RB,5,#freekylepitts,Justin Ho,1,Gamblers Anonymous,Chase Mizoguchi,UNLOGGED (reciprocal - likely trade),1
2024,9,10,3059915,Kareem Hunt,RB,3,Vietokwuegbunam Flashback,Ikaika Stone,7,Bishop Sycamore,Christopher Pascual,UNLOGGED (reciprocal - likely trade),1
2024,9,10,4360516,Tyrone Tracy Jr.,RB,13,GLAZER OF THE YEAR,Darwin Hu,6,2020+2022+2024 Champion,Rollin Odama-Wong,UNLOGGED (reciprocal - likely trade),1
2024,9,10,4429013,Tank Bigsby,RB,7,Bishop Sycamore,Christopher Pascual,3,Vietokwuegbunam Flashback,Ikaika Stone,UNLOGGED (reciprocal - likely trade),1
2024,9,10,4241463,Jerry Jeudy,WR,6,2020+2022+2024 Champion,Rollin Odama-Wong,4,Heem Dawg,Evan Fukumoto,WAIVER/FA PICKUP,0
2024,10,11,-16023,Steelers D/ST,D/ST,5,#freekylepitts,Justin Ho,1,Gamblers Anonymous,Chase Mizoguchi,UNLOGGED (reciprocal - likely trade),1
2024,10,11,-16020,Jets D/ST,D/ST,1,Gamblers Anonymous,Chase Mizoguchi,5,#freekylepitts,Justin Ho,WAIVER/FA PICKUP,1
2024,10,11,3123076,David Njoku,TE,8,Najee Germany,Prashanth Balaraman,1,Gamblers Anonymous,Chase Mizoguchi,TRADE (ESPN log),1
2024,10,11,4036378,Jordan Love,QB,1,Gamblers Anonymous,Chase Mizoguchi,2,Kapiolani Medical Center,Harvey Wang,TRADE (ESPN log),1
2024,10,11,4426338,Bo Nix,QB,2,Kapiolani Medical Center,Harvey Wang,1,Gamblers Anonymous,Chase Mizoguchi,TRADE (ESPN log),1
2024,10,11,4362238,Chase Brown,RB,2,Kapiolani Medical Center,Harvey Wang,6,2020+2022+2024 Champion,Rollin Odama-Wong,UNLOGGED (reciprocal - likely trade),1
2024,10,11,3040151,George Kittle,TE,1,Gamblers Anonymous,Chase Mizoguchi,8,Najee Germany,Prashanth Balaraman,TRADE (ESPN log),1
2024,10,11,4360516,Tyrone Tracy Jr.,RB,6,2020+2022+2024 Champion,Rollin Odama-Wong,2,Kapiolani Medical Center,Harvey Wang,UNLOGGED (reciprocal - likely trade),1
2024,11,12,-16023,Steelers D/ST,D/ST,1,Gamblers Anonymous,Chase Mizoguchi,5,#freekylepitts,Justin Ho,TRADE (ESPN log),0
2024,11,12,4678008,Jonathon Brooks,RB,6,2020+2022+2024 Champion,Rollin Odama-Wong,3,Vietokwuegbunam Flashback,Ikaika Stone,WAIVER/FA PICKUP,0
2024,11,12,3052587,Baker Mayfield,QB,6,2020+2022+2024 Champion,Rollin Odama-Wong,13,GLAZER OF THE YEAR,Darwin Hu,UNLOGGED (reciprocal - likely trade),1
2024,11,12,4035687,Michael Pittman Jr.,WR,7,Bishop Sycamore,Christopher Pascual,13,GLAZER OF THE YEAR,Darwin Hu,WAIVER/FA PICKUP,0
2024,11,12,4241474,Brian Robinson Jr.,RB,13,GLAZER OF THE YEAR,Darwin Hu,6,2020+2022+2024 Champion,Rollin Odama-Wong,UNLOGGED (reciprocal - likely trade),1
2024,11,12,4431452,Drake Maye,QB,13,GLAZER OF THE YEAR,Darwin Hu,6,2020+2022+2024 Champion,Rollin Odama-Wong,UNLOGGED (reciprocal - likely trade),1
2024,12,13,2976499,Amari Cooper,WR,4,Heem Dawg,Evan Fukumoto,6,2020+2022+2024 Champion,Rollin Odama-Wong,TRADE (ESPN log),1
2024,12,13,4241474,Brian Robinson Jr.,RB,6,2020+2022+2024 Champion,Rollin Odama-Wong,4,Heem Dawg,Evan Fukumoto,TRADE (ESPN log),1
2024,12,13,3046439,Hunter Henry,TE,6,2020+2022+2024 Champion,Rollin Odama-Wong,4,Heem Dawg,Evan Fukumoto,TRADE (ESPN log),1
2024,12,13,3150744,Chase McLaughlin,K,8,Najee Germany,Prashanth Balaraman,13,GLAZER OF THE YEAR,Darwin Hu,WAIVER/FA PICKUP,0
2024,12,13,-16002,Bills D/ST,D/ST,1,Gamblers Anonymous,Chase Mizoguchi,13,GLAZER OF THE YEAR,Darwin Hu,WAIVER/FA PICKUP,0
2024,12,13,2468609,Taysom Hill,TE,4,Heem Dawg,Evan Fukumoto,6,2020+2022+2024 Champion,Rollin Odama-Wong,TRADE (ESPN log),1
2024,13,14,15795,DeAndre Hopkins,WR,1,Gamblers Anonymous,Chase Mizoguchi,3,Vietokwuegbunam Flashback,Ikaika Stone,UNLOGGED (reciprocal - likely trade),1
2024,13,14,3128720,Nick Chubb,RB,1,Gamblers Anonymous,Chase Mizoguchi,14,Kick or die,Jeffrey Chan,TRADE (ESPN log),1
2024,13,14,3126486,Deebo Samuel,WR,3,Vietokwuegbunam Flashback,Ikaika Stone,1,Gamblers Anonymous,Chase Mizoguchi,UNLOGGED (reciprocal - likely trade),1
2024,13,14,3916433,Jakobi Meyers,WR,14,Kick or die,Jeffrey Chan,1,Gamblers Anonymous,Chase Mizoguchi,TRADE (ESPN log),1
2024,13,14,4243331,Cade Otton,TE,2,Kapiolani Medical Center,Harvey Wang,6,2020+2022+2024 Champion,Rollin Odama-Wong,WAIVER/FA PICKUP,0
2024,13,14,-16012,Chiefs D/ST,D/ST,1,Gamblers Anonymous,Chase Mizoguchi,6,2020+2022+2024 Champion,Rollin Odama-Wong,WAIVER/FA PICKUP,0
2024,14,15,4047650,DK Metcalf,WR,5,#freekylepitts,Justin Ho,14,Kick or die,Jeffrey Chan,UNLOGGED (reciprocal - likely trade),1
2024,14,15,14880,Kirk Cousins,QB,4,Heem Dawg,Evan Fukumoto,1,Gamblers Anonymous,Chase Mizoguchi,TRADE (ESPN log),1
2024,14,15,4426388,Jameson Williams,WR,4,Heem Dawg,Evan Fukumoto,1,Gamblers Anonymous,Chase Mizoguchi,TRADE (ESPN log),1
2024,14,15,3912547,Sam Darnold,QB,1,Gamblers Anonymous,Chase Mizoguchi,4,Heem Dawg,Evan Fukumoto,TRADE (ESPN log),1
2024,14,15,4426338,Bo Nix,QB,1,Gamblers Anonymous,Chase Mizoguchi,3,Vietokwuegbunam Flashback,Ikaika Stone,UNLOGGED (reciprocal - likely trade),1
2024,14,15,4432577,C.J. Stroud,QB,3,Vietokwuegbunam Flashback,Ikaika Stone,1,Gamblers Anonymous,Chase Mizoguchi,UNLOGGED (reciprocal - likely trade),1
2024,14,15,4569173,Rhamondre Stevenson,RB,5,#freekylepitts,Justin Ho,14,Kick or die,Jeffrey Chan,UNLOGGED (reciprocal - likely trade),1
2024,14,15,3054850,Alvin Kamara,RB,14,Kick or die,Jeffrey Chan,5,#freekylepitts,Justin Ho,UNLOGGED (reciprocal - likely trade),1
2024,14,15,4241457,Najee Harris,RB,8,Najee Germany,Prashanth Balaraman,2,Kapiolani Medical Center,Harvey Wang,UNLOGGED (reciprocal - likely trade),1
2024,14,15,4567104,Will Reichard,K,14,Kick or die,Jeffrey Chan,6,2020+2022+2024 Champion,Rollin Odama-Wong,WAIVER/FA PICKUP,0
2024,14,15,2969939,Jameis Winston,QB,2,Kapiolani Medical Center,Harvey Wang,8,Najee Germany,Prashanth Balaraman,UNLOGGED (reciprocal - likely trade),1
2025,1,2,4241478,DeVonta Smith,WR,4,GIBBY,Evan Fukumoto,1,They Hit the Second Bower,Chase Mizoguchi,TRADE (ESPN log),0
2025,3,4,4569987,Jaylen Warren,RB,2,Rice Fields Got Picken Dry,Harvey Wang,4,GIBBY,Evan Fukumoto,TRADE (ESPN log),1
2025,3,4,4047646,A.J. Brown,WR,4,GIBBY,Evan Fukumoto,2,Rice Fields Got Picken Dry,Harvey Wang,TRADE (ESPN log),1
2025,3,4,4241478,DeVonta Smith,WR,1,They Hit the Second Bower,Chase Mizoguchi,4,GIBBY,Evan Fukumoto,TRADE (ESPN log),1
2025,3,4,4426388,Jameson Williams,WR,1,They Hit the Second Bower,Chase Mizoguchi,14,Kick or die,Jeffrey Chan,UNLOGGED (reciprocal - likely trade),1
2025,3,4,4429615,Zay Flowers,WR,1,They Hit the Second Bower,Chase Mizoguchi,8,Lemme Ra-Dog It,Prashanth Balaraman,UNLOGGED (reciprocal - likely trade),1
2025,3,4,3128720,Nick Chubb,RB,1,They Hit the Second Bower,Chase Mizoguchi,14,Kick or die,Jeffrey Chan,UNLOGGED (reciprocal - likely trade),1
2025,3,4,4035538,David Montgomery,RB,14,Kick or die,Jeffrey Chan,1,They Hit the Second Bower,Chase Mizoguchi,UNLOGGED (reciprocal - likely trade),1
2025,3,4,4361370,Chris Olave,WR,14,Kick or die,Jeffrey Chan,1,They Hit the Second Bower,Chase Mizoguchi,UNLOGGED (reciprocal - likely trade),1
2025,3,4,8439,Aaron Rodgers,QB,4,GIBBY,Evan Fukumoto,1,They Hit the Second Bower,Chase Mizoguchi,TRADE (ESPN log),1
2025,3,4,4685702,Quinshon Judkins,RB,8,Lemme Ra-Dog It,Prashanth Balaraman,1,They Hit the Second Bower,Chase Mizoguchi,UNLOGGED (reciprocal - likely trade),1
2025,3,4,2573079,Carson Wentz,QB,2,Rice Fields Got Picken Dry,Harvey Wang,7,Brown Ladd Squad,Christopher Pascual,WAIVER/FA PICKUP,0
2025,3,4,-16009,Packers D/ST,D/ST,3,Vietokwuegbunam Flashback,Ikaika Stone,13,Saquonda Forever,Darwin Hu,WAIVER/FA PICKUP,1
2025,3,4,-16002,Bills D/ST,D/ST,13,Saquonda Forever,Darwin Hu,3,Vietokwuegbunam Flashback,Ikaika Stone,WAIVER/FA PICKUP,1
2025,4,5,3929630,Saquon Barkley,RB,2,Rice Fields Got Picken Dry,Harvey Wang,13,Saquonda Forever,Darwin Hu,UNLOGGED (reciprocal - likely trade),1
2025,4,5,4241463,Jerry Jeudy,WR,2,Rice Fields Got Picken Dry,Harvey Wang,3,Vietokwuegbunam Flashback,Ikaika Stone,WAIVER/FA PICKUP,0
2025,4,5,4047365,Josh Jacobs,RB,13,Saquonda Forever,Darwin Hu,2,Rice Fields Got Picken Dry,Harvey Wang,UNLOGGED (reciprocal - likely trade),1
2025,4,5,4428331,Rashee Rice,WR,13,Saquonda Forever,Darwin Hu,2,Rice Fields Got Picken Dry,Harvey Wang,UNLOGGED (reciprocal - likely trade),1
2025,4,5,4428209,Ricky Pearsall,WR,13,Saquonda Forever,Darwin Hu,2,Rice Fields Got Picken Dry,Harvey Wang,UNLOGGED (reciprocal - likely trade),1
2025,4,5,4612826,Ladd McConkey,WR,3,Vietokwuegbunam Flashback,Ikaika Stone,7,Brown Ladd Squad,Christopher Pascual,UNLOGGED (reciprocal - likely trade),1
2025,4,5,4360569,Jordan Mason,RB,3,Vietokwuegbunam Flashback,Ikaika Stone,7,Brown Ladd Squad,Christopher Pascual,UNLOGGED (reciprocal - likely trade),1
2025,4,5,4890973,Ashton Jeanty,RB,5,The Big Beautiful Bill,Justin Ho,7,Brown Ladd Squad,Christopher Pascual,UNLOGGED (reciprocal - likely trade),1
2025,4,5,4569618,Garrett Wilson,WR,5,The Big Beautiful Bill,Justin Ho,7,Brown Ladd Squad,Christopher Pascual,UNLOGGED (reciprocal - likely trade),1
2025,4,5,3917315,Kyler Murray,QB,5,The Big Beautiful Bill,Justin Ho,7,Brown Ladd Squad,Christopher Pascual,UNLOGGED (reciprocal - likely trade),1
2025,4,5,4047646,A.J. Brown,WR,2,Rice Fields Got Picken Dry,Harvey Wang,13,Saquonda Forever,Darwin Hu,UNLOGGED (reciprocal - likely trade),1
2025,4,5,4430807,Bijan Robinson,RB,7,Brown Ladd Squad,Christopher Pascual,5,The Big Beautiful Bill,Justin Ho,UNLOGGED (reciprocal - likely trade),1
2025,4,5,4685472,Tetairoa McMillan,WR,7,Brown Ladd Squad,Christopher Pascual,5,The Big Beautiful Bill,Justin Ho,UNLOGGED (reciprocal - likely trade),1
2025,4,5,4426354,George Pickens,WR,7,Brown Ladd Squad,Christopher Pascual,3,Vietokwuegbunam Flashback,Ikaika Stone,UNLOGGED (reciprocal - likely trade),1
2025,4,5,8439,Aaron Rodgers,QB,1,They Hit the Second Bower,Chase Mizoguchi,3,Vietokwuegbunam Flashback,Ikaika Stone,WAIVER/FA PICKUP,0
2025,4,5,-16002,Bills D/ST,D/ST,3,Vietokwuegbunam Flashback,Ikaika Stone,4,GIBBY,Evan Fukumoto,WAIVER/FA PICKUP,0
2025,4,5,4426339,Spencer Rattler,QB,13,Saquonda Forever,Darwin Hu,14,Kick or die,Jeffrey Chan,WAIVER/FA PICKUP,0
2025,4,5,4373626,Tyler Allgeier,RB,6,2020+2022+2025 Champion,Rollin Odama-Wong,7,Brown Ladd Squad,Christopher Pascual,WAIVER/FA PICKUP,0
2025,5,6,4259545,D'Andre Swift,RB,6,2020+2022+2025 Champion,Rollin Odama-Wong,1,They Hit the Second Bower,Chase Mizoguchi,UNLOGGED (reciprocal - likely trade),1
2025,5,6,4372016,Jaylen Waddle,WR,6,2020+2022+2025 Champion,Rollin Odama-Wong,1,They Hit the Second Bower,Chase Mizoguchi,UNLOGGED (reciprocal - likely trade),1
2025,5,6,15864,Geno Smith,QB,6,2020+2022+2025 Champion,Rollin Odama-Wong,1,They Hit the Second Bower,Chase Mizoguchi,UNLOGGED (reciprocal - likely trade),1
2025,5,6,4431459,Tyler Warren,TE,6,2020+2022+2025 Champion,Rollin Odama-Wong,1,They Hit the Second Bower,Chase Mizoguchi,UNLOGGED (reciprocal - likely trade),1
2025,5,6,4432665,Brock Bowers,TE,1,They Hit the Second Bower,Chase Mizoguchi,6,2020+2022+2025 Champion,Rollin Odama-Wong,UNLOGGED (reciprocal - likely trade),1
2025,5,6,4596448,Bucky Irving,RB,1,They Hit the Second Bower,Chase Mizoguchi,6,2020+2022+2025 Champion,Rollin Odama-Wong,UNLOGGED (reciprocal - likely trade),1
2025,5,6,4431611,Caleb Williams,QB,1,They Hit the Second Bower,Chase Mizoguchi,6,2020+2022+2025 Champion,Rollin Odama-Wong,UNLOGGED (reciprocal - likely trade),1
2025,5,6,4568490,RJ Harvey,RB,8,Lemme Ra-Dog It,Prashanth Balaraman,6,2020+2022+2025 Champion,Rollin Odama-Wong,WAIVER/FA PICKUP,0
2025,5,6,4427238,Dillon Gabriel,QB,14,Kick or die,Jeffrey Chan,4,GIBBY,Evan Fukumoto,WAIVER/FA PICKUP,0
2025,6,7,4241463,Jerry Jeudy,WR,3,Vietokwuegbunam Flashback,Ikaika Stone,5,The Big Beautiful Bill,Justin Ho,WAIVER/FA PICKUP,0
2025,6,7,4240657,Michael Carter,RB,1,They Hit the Second Bower,Chase Mizoguchi,13,Saquonda Forever,Darwin Hu,WAIVER/FA PICKUP,0
2025,7,8,4241479,Tua Tagovailoa,QB,2,Rice Fields Got Picken Dry,Harvey Wang,3,Vietokwuegbunam Flashback,Ikaika Stone,WAIVER/FA PICKUP,1
2025,7,8,4432773,Brian Thomas Jr.,WR,6,2020+2022+2025 Champion,Rollin Odama-Wong,8,Lemme Ra-Dog It,Prashanth Balaraman,UNLOGGED (reciprocal - likely trade),1
2025,7,8,3046779,Jared Goff,QB,6,2020+2022+2025 Champion,Rollin Odama-Wong,8,Lemme Ra-Dog It,Prashanth Balaraman,UNLOGGED (reciprocal - likely trade),1
2025,7,8,4428331,Rashee Rice,WR,2,Rice Fields Got Picken Dry,Harvey Wang,3,Vietokwuegbunam Flashback,Ikaika Stone,UNLOGGED (reciprocal - likely trade),1
2025,7,8,4429615,Zay Flowers,WR,8,Lemme Ra-Dog It,Prashanth Balaraman,6,2020+2022+2025 Champion,Rollin Odama-Wong,UNLOGGED (reciprocal - likely trade),1
2025,7,8,4426354,George Pickens,WR,3,Vietokwuegbunam Flashback,Ikaika Stone,2,Rice Fields Got Picken Dry,Harvey Wang,UNLOGGED (reciprocal - likely trade),1
2025,7,8,8439,Aaron Rodgers,QB,3,Vietokwuegbunam Flashback,Ikaika Stone,2,Rice Fields Got Picken Dry,Harvey Wang,UNLOGGED (reciprocal - likely trade),1
2025,7,8,11252,Joe Flacco,QB,8,Lemme Ra-Dog It,Prashanth Balaraman,6,2020+2022+2025 Champion,Rollin Odama-Wong,UNLOGGED (reciprocal - likely trade),1
2025,8,9,4241416,Chuba Hubbard,RB,6,2020+2022+2025 Champion,Rollin Odama-Wong,2,Rice Fields Got Picken Dry,Harvey Wang,WAIVER/FA PICKUP,0
2025,8,9,-16017,Patriots D/ST,D/ST,6,2020+2022+2025 Champion,Rollin Odama-Wong,13,Saquonda Forever,Darwin Hu,WAIVER/FA PICKUP,0
2025,8,9,4360310,Trevor Lawrence,QB,3,Vietokwuegbunam Flashback,Ikaika Stone,2,Rice Fields Got Picken Dry,Harvey Wang,UNLOGGED (reciprocal - likely trade),1
2025,8,9,8439,Aaron Rodgers,QB,2,Rice Fields Got Picken Dry,Harvey Wang,3,Vietokwuegbunam Flashback,Ikaika Stone,UNLOGGED (reciprocal - likely trade),1
2025,8,9,4608686,Kyle Monangai,RB,5,The Big Beautiful Bill,Justin Ho,6,2020+2022+2025 Champion,Rollin Odama-Wong,WAIVER/FA PICKUP,0
2025,9,10,4429059,Woody Marks,RB,4,GIBBY,Evan Fukumoto,7,Brown Ladd Squad,Christopher Pascual,WAIVER/FA PICKUP,0
2025,9,10,4429148,Theo Johnson,TE,13,Saquonda Forever,Darwin Hu,4,GIBBY,Evan Fukumoto,WAIVER/FA PICKUP,0
2025,10,11,4032473,Rashid Shaheed,WR,13,Saquonda Forever,Darwin Hu,8,Lemme Ra-Dog It,Prashanth Balaraman,WAIVER/FA PICKUP,0
2025,11,12,4362887,Justin Fields,QB,2,Rice Fields Got Picken Dry,Harvey Wang,13,Saquonda Forever,Darwin Hu,WAIVER/FA PICKUP,0
2025,11,12,15864,Geno Smith,QB,1,They Hit the Second Bower,Chase Mizoguchi,13,Saquonda Forever,Darwin Hu,WAIVER/FA PICKUP,0
2025,11,12,-16001,Falcons D/ST,D/ST,2,Rice Fields Got Picken Dry,Harvey Wang,5,The Big Beautiful Bill,Justin Ho,WAIVER/FA PICKUP,0
2025,11,12,2969939,Jameis Winston,QB,13,Saquonda Forever,Darwin Hu,6,2020+2022+2025 Champion,Rollin Odama-Wong,WAIVER/FA PICKUP,0
2025,14,15,4241479,Tua Tagovailoa,QB,3,Vietokwuegbunam Flashback,Ikaika Stone,5,The Big Beautiful Bill,Justin Ho,WAIVER/FA PICKUP,0
2025,14,15,4433970,J.J. McCarthy,QB,13,Saquonda Forever,Darwin Hu,2,Rice Fields Got Picken Dry,Harvey Wang,WAIVER/FA PICKUP,0
2025,15,16,-16012,Chiefs D/ST,D/ST,13,Saquonda Forever,Darwin Hu,7,Brown Ladd Squad,Christopher Pascual,WAIVER/FA PICKUP,0
