ManagerA,ManagerB,Meetings,A_Wins,B_Wins,Ties,A_PointsFor,B_PointsFor,AvgMargin,PlayoffMeetings
Chase Mizoguchi,Christopher Pascual,7,3,4,0,885.5,822.2,18.0,1
Chase Mizoguchi,Darwin Hu,8,4,4,0,1168.4,1100.5,35.6,0
Chase Mizoguchi,Evan Fukumoto,6,2,4,0,763.1,931.9,37.2,1
Chase Mizoguchi,Harvey Wang,7,1,6,0,879.7,1062.2,28.6,2
Chase Mizoguchi,Ikaika Stone,8,3,5,0,985.4,1120.5,23.8,2
Chase Mizoguchi,Jeffrey Chan,9,4,5,0,1279.7,1405.7,33.1,1
Chase Mizoguchi,Justin Ho,5,2,3,0,619.1,594.6,17.8,1
Chase Mizoguchi,Prashanth Balaraman,7,2,5,0,927.0,1144.4,33.4,1
Chase Mizoguchi,Rollin Odama-Wong,11,5,6,0,1488.4,1445.5,35.0,3
Christopher Pascual,Darwin Hu,7,1,6,0,839.1,1002.2,24.8,2
Christopher Pascual,Evan Fukumoto,7,4,3,0,911.9,862.6,14.9,1
Christopher Pascual,Harvey Wang,5,4,1,0,703.7,661.8,22.4,1
Christopher Pascual,Ikaika Stone,7,5,2,0,964.3,979.7,16.1,1
Christopher Pascual,Jeffrey Chan,11,9,2,0,1674.2,1501.3,34.4,3
Christopher Pascual,Justin Ho,7,3,4,0,918.5,896.3,27.1,0
Christopher Pascual,Prashanth Balaraman,9,5,4,0,1166.3,1142.1,30.7,1
Christopher Pascual,Rollin Odama-Wong,8,5,3,0,1099.7,1145.0,19.6,2
Darwin Hu,Evan Fukumoto,6,3,3,0,842.2,847.8,25.6,0
Darwin Hu,Harvey Wang,8,4,4,0,1244.5,1186.6,30.7,2
Darwin Hu,Ikaika Stone,8,4,4,0,1211.2,1186.0,23.4,2
Darwin Hu,Jeffrey Chan,7,5,2,0,915.2,880.0,33.4,1
Darwin Hu,Justin Ho,9,4,5,0,1200.5,1266.7,21.0,1
Darwin Hu,Prashanth Balaraman,8,5,3,0,1094.3,1045.9,31.1,1
Darwin Hu,Rollin Odama-Wong,6,4,2,0,973.0,865.7,37.7,2
Evan Fukumoto,Harvey Wang,10,4,5,1,1367.7,1369.2,28.3,0
Evan Fukumoto,Ikaika Stone,11,4,7,0,1434.7,1566.5,28.5,3
Evan Fukumoto,Jeffrey Chan,5,3,2,0,644.1,658.2,20.6,0
Evan Fukumoto,Justin Ho,7,5,2,0,860.4,824.2,28.2,1
Evan Fukumoto,Prashanth Balaraman,9,4,5,0,1215.7,1341.3,35.9,3
Evan Fukumoto,Rollin Odama-Wong,6,3,3,0,807.2,843.9,32.4,2
Harvey Wang,Ikaika Stone,8,3,5,0,1110.9,1140.7,19.9,0
Harvey Wang,Jeffrey Chan,6,3,3,0,799.8,794.4,34.3,2
Harvey Wang,Justin Ho,9,6,3,0,1232.8,1209.6,24.3,3
Harvey Wang,Prashanth Balaraman,7,2,5,0,881.0,937.0,18.6,0
Harvey Wang,Rollin Odama-Wong,7,6,1,0,927.6,884.7,13.4,1
Ikaika Stone,Jeffrey Chan,7,3,4,0,917.2,867.2,31.9,2
Ikaika Stone,Justin Ho,9,4,5,0,1222.9,1213.1,16.8,1
Ikaika Stone,Prashanth Balaraman,5,2,3,0,691.4,734.5,23.7,1
Ikaika Stone,Rollin Odama-Wong,5,1,4,0,731.0,839.4,25.3,0
Jeffrey Chan,Justin Ho,7,3,4,0,982.6,1029.3,24.3,1
Jeffrey Chan,Prashanth Balaraman,7,3,4,0,849.4,918.0,31.0,1
Jeffrey Chan,Rollin Odama-Wong,8,5,3,0,1202.8,1141.6,22.7,0
Justin Ho,Prashanth Balaraman,6,1,5,0,806.0,918.9,24.9,2
Justin Ho,Rollin Odama-Wong,8,4,4,0,1085.0,1007.1,25.8,1
Prashanth Balaraman,Rollin Odama-Wong,8,6,2,0,1134.6,1027.8,25.6,0
