Year,TeamId,TeamName,Abbrev,Manager
2022,1,IF I DON'T WIN THEN I QUIT,YKTV,Chase Mizoguchi
2022,2,Tweedle Dee-bo,TWEE,Harvey Wang
2022,3,Vietokwuegbunam Flashback,STO,Ikaika Stone
2022,4,I hate Rollin,Evs,Evan Fukumoto
2022,5,Chute Mi,CLWN,Justin Ho
2022,6,2020+2022 Champion,WIN,Rollin Odama-Wong
2022,7,Season Is Over,CP3,Christopher Pascual
2022,8,I Chase Young Kids,BALA,Prashanth Balaraman
2022,13,. Tweedle Dame,HU,Darwin Hu
2022,14,Kick or die Kick,KOD,Jeffrey Chan
2023,1,I WANT TO KILL MYSELF,FYCK,Chase Mizoguchi
2023,2,CeeDeez Nuts In Ur Mout,CDNM,Harvey Wang
2023,3,Vietokwuegbunam Flashback,STO,Ikaika Stone
2023,4,Little munchkin,Evs,Evan Fukumoto
2023,5,1-800-273-8255 @ 0:37-041,LGIC,Justin Ho
2023,6,2020+2022+2023 Champion,WIN,Rollin Odama-Wong
2023,7,This Is Jahmyr's Team,CP3,Christopher Pascual
2023,8,Damardiac Arrest,BALA,Prashanth Balaraman
2023,13,1ST TEAM ALL GLAZER,HU,Darwin Hu
2023,14,Kick or die Kick,KOD,Jeffrey Chan
2024,1,Gamblers Anonymous,HELP,Chase Mizoguchi
2024,2,Kapiolani Medical Center,KMC,Harvey Wang
2024,3,Vietokwuegbunam Flashback,STO,Ikaika Stone
2024,4,Heem Dawg,Evs,Evan Fukumoto
2024,5,#freekylepitts,MPGA,Justin Ho
2024,6,2020+2022+2024 Champion,WIN,Rollin Odama-Wong
2024,7,Bishop Sycamore,Sad,Christopher Pascual
2024,8,Najee Germany,BALA,Prashanth Balaraman
2024,13,GLAZER OF THE YEAR,HU,Darwin Hu
2024,14,Kick or die,KICK,Jeffrey Chan
2025,1,They Hit the Second Bower,911,Chase Mizoguchi
2025,2,Rice Fields Got Picken Dry,RIC,Harvey Wang
2025,3,Vietokwuegbunam Flashback,STO,Ikaika Stone
2025,4,GIBBY,Evs,Evan Fukumoto
2025,5,The Big Beautiful Bill,BILL,Justin Ho
2025,6,2020+2022+2025 Champion,WIN,Rollin Odama-Wong
2025,7,Brown Ladd Squad,CPs,Christopher Pascual
2025,8,Lemme Ra-Dog It,BALA,Prashanth Balaraman
2025,13,Saquonda Forever,HU,Darwin Hu
2025,14,Kick or die,KICK,Jeffrey Chan
