Year,TradeWeek,TradeKey,Source,Player,Position,FromManager,ToManager,StintStartWeek,StintEndWeek,WeeksHeld,PointsForNewTeam,StarterPointsForNewTeam
2022,2,derived:5-6-w2,derived,CeeDee Lamb,WR,Justin Ho,Rollin Odama-Wong,2,17,16,274,260
2022,2,derived:5-6-w2,derived,Antonio Gibson,RB,Rollin Odama-Wong,Justin Ho,2,7,6,57,29
2022,3,espn:ac5b9a2d,espn-log,Rashod Bateman,WR,Evan Fukumoto,Rollin Odama-Wong,3,4,2,9.5,0
2022,3,espn:ac5b9a2d,espn-log,Jared Goff,QB,Evan Fukumoto,Rollin Odama-Wong,3,6,4,51,13
2022,3,espn:ac5b9a2d,espn-log,Jimmy Garoppolo,QB,Rollin Odama-Wong,Evan Fukumoto,3,8,6,88,16
2022,3,espn:ac5b9a2d,espn-log,Carson Wentz,QB,Rollin Odama-Wong,Evan Fukumoto,3,3,1,8,8
2022,4,espn:e5583601,espn-log,Allen Lazard,WR,Evan Fukumoto,Ikaika Stone,4,17,14,130,58
2022,4,espn:e5583601,espn-log,Aaron Jones,RB,Evan Fukumoto,Ikaika Stone,4,9,6,82,82
2022,4,espn:e5583601,espn-log,Carson Wentz,QB,Evan Fukumoto,Ikaika Stone,4,6,3,30,30
2022,4,espn:e5583601,espn-log,Kyler Murray,QB,Ikaika Stone,Evan Fukumoto,4,11,8,112,112
2022,4,espn:e5583601,espn-log,JuJu Smith-Schuster,WR,Ikaika Stone,Evan Fukumoto,4,17,14,146,80
2022,4,espn:effba552,espn-log,Mark Andrews,TE,Justin Ho,Chase Mizoguchi,4,17,14,121,121
2022,4,espn:effba552,espn-log,J.K. Dobbins,RB,Justin Ho,Chase Mizoguchi,4,10,7,27,0
2022,4,espn:effba552,espn-log,Kyle Pitts,TE,Chase Mizoguchi,Justin Ho,4,7,4,16,16
2022,4,espn:effba552,espn-log,Christian McCaffrey,RB,Chase Mizoguchi,Justin Ho,4,17,14,280,280
2022,4,derived:1-3-w4,derived,Leonard Fournette,RB,Chase Mizoguchi,Ikaika Stone,4,17,14,177,111
2022,4,derived:1-3-w4,derived,Dalvin Cook,RB,Ikaika Stone,Chase Mizoguchi,4,17,14,190,190
2022,4,derived:1-3-w4,derived,Rashaad Penny,RB,Ikaika Stone,Chase Mizoguchi,4,5,2,33,0
2022,4,derived:3-8-w4,derived,Matt Ryan,QB,Ikaika Stone,Prashanth Balaraman,4,7,4,60,33
2022,4,derived:3-8-w4,derived,Mike Evans,WR,Ikaika Stone,Prashanth Balaraman,4,17,14,194.5,194.5
2022,4,derived:3-8-w4,derived,Clyde Edwards-Helaire,RB,Ikaika Stone,Prashanth Balaraman,4,10,7,42,31
2022,4,derived:3-8-w4,derived,A.J. Brown,WR,Prashanth Balaraman,Ikaika Stone,4,9,6,91,91
2022,4,derived:3-8-w4,derived,Tyler Higbee,TE,Prashanth Balaraman,Ikaika Stone,4,9,6,32,32
2022,6,derived:3-5-w6,derived,DeAndre Hopkins,WR,Justin Ho,Ikaika Stone,6,17,12,148,148
2022,6,derived:3-5-w6,derived,Melvin Gordon III,RB,Ikaika Stone,Justin Ho,6,7,2,6,0
2022,6,derived:3-5-w6,derived,Teddy Bridgewater,QB,Ikaika Stone,Justin Ho,6,6,1,18,0
2022,7,derived:6-7-w7,derived,Kenneth Walker III,RB,Rollin Odama-Wong,Christopher Pascual,7,17,11,135,135
2022,7,derived:6-7-w7,derived,Tom Brady,QB,Christopher Pascual,Rollin Odama-Wong,7,17,11,167.5,152.5
2022,7,derived:6-7-w7,derived,Travis Etienne Jr.,RB,Christopher Pascual,Rollin Odama-Wong,7,17,11,133,121
2022,7,derived:6-7-w7,derived,Jared Goff,QB,Rollin Odama-Wong,Christopher Pascual,7,17,11,174,157
2022,7,derived:2-3-w7,derived,Jameis Winston,QB,Harvey Wang,Ikaika Stone,7,7,1,0,0
2022,7,derived:2-3-w7,derived,Mac Jones,QB,Ikaika Stone,Harvey Wang,7,7,1,0,0
2022,8,espn:19582fcb,espn-log,Dalvin Cook,RB,Justin Ho,Chase Mizoguchi,8,17,10,141,141
2022,8,espn:19582fcb,espn-log,Kareem Hunt,RB,Justin Ho,Chase Mizoguchi,8,15,8,35,0
2022,8,espn:19582fcb,espn-log,Alexander Mattison,RB,Justin Ho,Chase Mizoguchi,8,15,8,24,0
2022,8,espn:19582fcb,espn-log,Melvin Gordon III,RB,Chase Mizoguchi,Justin Ho,,,0,0,0
2022,8,espn:19582fcb,espn-log,Tyler Lockett,WR,Chase Mizoguchi,Justin Ho,,,0,0,0
2022,8,espn:19582fcb,espn-log,Antonio Gibson,RB,Chase Mizoguchi,Justin Ho,,,0,0,0
2022,8,derived:13-5-w8,derived,Ezekiel Elliott,RB,Justin Ho,Darwin Hu,8,17,10,101.5,51.5
2022,8,derived:13-5-w8,derived,Joe Burrow,QB,Justin Ho,Darwin Hu,8,17,10,166,166
2022,8,derived:13-5-w8,derived,Antonio Gibson,RB,Justin Ho,Darwin Hu,8,17,10,76,6
2022,8,derived:13-5-w8,derived,Kyle Pitts Sr.,TE,Justin Ho,Darwin Hu,8,17,10,34,15
2022,8,derived:13-5-w8,derived,Justin Herbert,QB,Darwin Hu,Justin Ho,8,11,4,41,41
2022,8,derived:13-5-w8,derived,Courtland Sutton,WR,Darwin Hu,Justin Ho,8,17,10,60,2.5
2022,8,derived:13-5-w8,derived,DK Metcalf,WR,Darwin Hu,Justin Ho,8,11,4,44,27
2022,8,derived:13-5-w8,derived,Dameon Pierce,RB,Darwin Hu,Justin Ho,8,17,10,65.5,65.5
2022,8,derived:13-5-w8,derived,Pat Freiermuth,TE,Darwin Hu,Justin Ho,8,17,10,78,71
2022,8,derived:13-3-w8,derived,Ryan Tannehill,QB,Darwin Hu,Ikaika Stone,8,9,2,0,0
2022,8,derived:13-3-w8,derived,Jameis Winston,QB,Ikaika Stone,Darwin Hu,8,9,2,0,0
2022,9,espn:ee85d275,espn-log,Jimmy Garoppolo,QB,Evan Fukumoto,Darwin Hu,9,13,5,54,54
2022,9,espn:ee85d275,espn-log,Michael Thomas,WR,Darwin Hu,Evan Fukumoto,,,0,0,0
2022,9,derived:7-8-w9,derived,Jahan Dotson,WR,Christopher Pascual,Prashanth Balaraman,9,11,3,4,0
2022,9,derived:7-8-w9,derived,Andy Dalton,QB,Christopher Pascual,Prashanth Balaraman,9,13,5,61,6
2022,9,derived:7-8-w9,derived,Donovan Peoples-Jones,WR,Prashanth Balaraman,Christopher Pascual,9,10,2,14,0
2022,10,espn:99bd3539,espn-log,George Pickens,WR,Evan Fukumoto,Ikaika Stone,10,13,4,43,0
2022,10,espn:99bd3539,espn-log,Latavius Murray,RB,Evan Fukumoto,Ikaika Stone,10,17,8,85,42
2022,10,espn:99bd3539,espn-log,Jacoby Brissett,QB,Evan Fukumoto,Ikaika Stone,10,12,3,52,52
2022,10,espn:99bd3539,espn-log,Ryan Tannehill,QB,Ikaika Stone,Evan Fukumoto,10,11,2,38.5,19.5
2022,10,espn:99bd3539,espn-log,Tyler Boyd,WR,Ikaika Stone,Evan Fukumoto,10,16,7,38,6
2022,10,derived:3-7-w10,derived,Chase Claypool,WR,Ikaika Stone,Christopher Pascual,10,10,1,1,0
2022,10,derived:3-7-w10,derived,Derrick Henry,RB,Christopher Pascual,Ikaika Stone,10,17,8,113,113
2022,10,derived:3-7-w10,derived,DeVonta Smith,WR,Christopher Pascual,Ikaika Stone,10,17,8,141,106
2022,10,derived:3-7-w10,derived,Aaron Jones Sr.,RB,Ikaika Stone,Christopher Pascual,10,10,1,22,22
2022,10,derived:3-7-w10,derived,A.J. Brown,WR,Ikaika Stone,Christopher Pascual,10,17,8,133,133
2022,10,derived:3-7-w10,derived,Rachaad White,RB,Christopher Pascual,Ikaika Stone,10,17,8,84,51
2022,10,derived:14-2-w10,derived,Derek Carr,QB,Jeffrey Chan,Harvey Wang,10,17,8,99,79
2022,10,derived:14-2-w10,derived,Najee Harris,RB,Harvey Wang,Jeffrey Chan,10,17,8,116.5,104.5
2022,11,derived:2-7-w11,derived,Aaron Jones Sr.,RB,Christopher Pascual,Harvey Wang,11,17,7,78,65
2022,11,derived:2-7-w11,derived,Rhamondre Stevenson,RB,Harvey Wang,Christopher Pascual,11,17,7,81,81
2022,11,derived:2-7-w11,derived,Donovan Peoples-Jones,WR,Christopher Pascual,Harvey Wang,11,17,7,74.5,32
2022,12,espn:5c73f7a2,espn-log,Ryan Tannehill,QB,Evan Fukumoto,Justin Ho,12,13,2,23,0
2022,12,espn:5c73f7a2,espn-log,Alvin Kamara,RB,Evan Fukumoto,Justin Ho,12,17,6,49,49
2022,12,espn:5c73f7a2,espn-log,Kyler Murray,QB,Evan Fukumoto,Justin Ho,12,14,3,24,24
2022,12,espn:5c73f7a2,espn-log,DK Metcalf,WR,Justin Ho,Evan Fukumoto,12,17,6,92,92
2022,12,espn:5c73f7a2,espn-log,Justin Herbert,QB,Justin Ho,Evan Fukumoto,12,17,6,91,91
2022,14,espn:16ccd94c,espn-log,Mac Jones,QB,Evan Fukumoto,Chase Mizoguchi,14,14,1,7,7
2022,14,espn:16ccd94c,espn-log,Curtis Samuel,WR,Evan Fukumoto,Chase Mizoguchi,14,14,1,0,0
2022,14,espn:16ccd94c,espn-log,Davis Mills,QB,Chase Mizoguchi,Evan Fukumoto,14,14,1,5,0
2022,14,espn:16ccd94c,espn-log,Rondale Moore,WR,Chase Mizoguchi,Evan Fukumoto,14,14,1,0,0
2022,14,derived:5-8-w14,derived,Ryan Tannehill,QB,Justin Ho,Prashanth Balaraman,14,14,1,17.5,17.5
2022,14,derived:5-8-w14,derived,Isiah Pacheco,RB,Prashanth Balaraman,Justin Ho,14,14,1,12,12
2022,15,espn:050a8b06,espn-log,Davis Mills,QB,Evan Fukumoto,Chase Mizoguchi,15,15,1,18,0
2022,15,espn:050a8b06,espn-log,Rondale Moore,WR,Evan Fukumoto,Chase Mizoguchi,15,15,1,0,0
2022,15,espn:050a8b06,espn-log,Mac Jones,QB,Chase Mizoguchi,Evan Fukumoto,15,17,3,40,0
2022,15,espn:050a8b06,espn-log,Curtis Samuel,WR,Chase Mizoguchi,Evan Fukumoto,15,17,3,24.5,0
2022,15,derived:5-8-w15,derived,Ryan Tannehill,QB,Prashanth Balaraman,Justin Ho,15,17,3,10,10
2022,15,derived:5-8-w15,derived,Isiah Pacheco,RB,Justin Ho,Prashanth Balaraman,15,17,3,29,0
2023,2,espn:e74f3af5,espn-log,Jordan Love,QB,Evan Fukumoto,Justin Ho,2,17,16,277.5,238.7
2023,2,espn:e74f3af5,espn-log,Brian Robinson Jr.,RB,Evan Fukumoto,Justin Ho,2,6,5,70.9,42
2023,2,espn:e74f3af5,espn-log,Jimmy Garoppolo,QB,Justin Ho,Evan Fukumoto,2,8,7,49,4.2
2023,2,espn:e74f3af5,espn-log,Alexander Mattison,RB,Justin Ho,Evan Fukumoto,2,17,16,116.4,68.8
2023,3,derived:2-5-w3,derived,CeeDee Lamb,WR,Justin Ho,Harvey Wang,3,17,15,331.2,316.4
2023,3,derived:2-5-w3,derived,Dalvin Cook,RB,Justin Ho,Harvey Wang,3,4,2,8.7,0
2023,3,derived:2-5-w3,derived,Garrett Wilson,WR,Harvey Wang,Justin Ho,3,12,10,118.4,103.4
2023,3,derived:2-5-w3,derived,Javonte Williams,RB,Harvey Wang,Justin Ho,3,17,15,141.2,86.8
2023,4,derived:1-2-w4,derived,Brock Purdy,QB,Chase Mizoguchi,Harvey Wang,4,17,14,244.8,244.8
2023,4,derived:1-2-w4,derived,Daniel Jones,QB,Harvey Wang,Chase Mizoguchi,4,9,6,17.8,1.9
2023,4,derived:1-2-w4,derived,Jakobi Meyers,WR,Harvey Wang,Chase Mizoguchi,4,17,14,152.9,60.7
2023,4,derived:13-8-w4,derived,George Kittle,TE,Darwin Hu,Prashanth Balaraman,4,17,14,176.8,176.8
2023,4,derived:13-8-w4,derived,Darren Waller,TE,Prashanth Balaraman,Darwin Hu,4,17,14,78.5,60.4
2023,6,derived:2-3-w6,derived,Dak Prescott,QB,Ikaika Stone,Harvey Wang,6,17,12,259.2,259.2
2023,6,derived:2-3-w6,derived,Zack Moss,RB,Ikaika Stone,Harvey Wang,6,17,12,80.9,50.1
2023,6,derived:2-3-w6,derived,Joe Burrow,QB,Harvey Wang,Ikaika Stone,6,17,12,92.4,92.4
2023,7,derived:1-5-w7,derived,Ja'Marr Chase,WR,Justin Ho,Chase Mizoguchi,7,9,3,33.3,33.3
2023,7,derived:1-5-w7,derived,Josh Jacobs,RB,Chase Mizoguchi,Justin Ho,7,17,11,92.5,92.5
2023,7,derived:1-5-w7,derived,Calvin Ridley,WR,Chase Mizoguchi,Justin Ho,7,17,11,132.5,34.7
2023,7,derived:1-5-w7,derived,Kirk Cousins,QB,Chase Mizoguchi,Justin Ho,7,8,2,40.9,19.9
2023,7,derived:1-5-w7,derived,Evan Engram,TE,Chase Mizoguchi,Justin Ho,7,17,11,141.8,132.3
2023,7,derived:1-5-w7,derived,Brian Robinson Jr.,RB,Justin Ho,Chase Mizoguchi,7,17,11,103.6,26
2023,7,derived:1-5-w7,derived,Sam LaPorta,TE,Justin Ho,Chase Mizoguchi,7,17,11,147.4,147.4
2023,7,derived:13-6-w7,derived,DeAndre Hopkins,WR,Rollin Odama-Wong,Darwin Hu,7,17,11,141.9,76.3
2023,7,derived:13-6-w7,derived,Eagles D/ST,D/ST,Rollin Odama-Wong,Darwin Hu,7,9,3,12,1
2023,7,derived:13-6-w7,derived,Zaire Franklin,LB,Rollin Odama-Wong,Darwin Hu,7,17,11,47.5,47.5
2023,7,derived:13-6-w7,derived,DJ Moore,WR,Darwin Hu,Rollin Odama-Wong,7,17,11,156.4,123.7
2023,7,derived:13-6-w7,derived,Jordan Addison,WR,Darwin Hu,Rollin Odama-Wong,7,17,11,133.4,63.4
2023,7,derived:13-6-w7,derived,Zach Charbonnet,RB,Darwin Hu,Rollin Odama-Wong,7,17,11,77.6,0
2023,7,derived:13-6-w7,derived,Kyren Williams,RB,Rollin Odama-Wong,Darwin Hu,7,17,11,143.9,143.9
2023,7,derived:13-6-w7,derived,Lions D/ST,D/ST,Darwin Hu,Rollin Odama-Wong,7,7,1,-7,-7
2023,8,derived:13-6-w8,derived,Tee Higgins,WR,Rollin Odama-Wong,Darwin Hu,8,17,10,96.7,55.9
2023,8,derived:13-6-w8,derived,Darrell Henderson Jr.,RB,Darwin Hu,Rollin Odama-Wong,8,11,4,29.9,24.4
2023,9,espn:942240ed,espn-log,Jared Goff,QB,Jeffrey Chan,Chase Mizoguchi,9,17,9,130,130
2023,9,espn:942240ed,espn-log,Matthew Stafford,QB,Chase Mizoguchi,Jeffrey Chan,9,17,9,131.5,56.3
2023,10,espn:20fa0b16,espn-log,Josh Allen,QB,Rollin Odama-Wong,Ikaika Stone,10,17,8,159.4,159.4
2023,10,espn:20fa0b16,espn-log,Gardner Minshew,QB,Rollin Odama-Wong,Ikaika Stone,10,17,8,96.1,33.3
2023,10,espn:20fa0b16,espn-log,Jaylen Waddle,WR,Ikaika Stone,Rollin Odama-Wong,10,17,8,87.9,87.9
2023,10,espn:20fa0b16,espn-log,Kenny Pickett,QB,Ikaika Stone,Rollin Odama-Wong,,,0,0,0
2023,10,espn:20fa0b16,espn-log,Patrick Mahomes,QB,Ikaika Stone,Rollin Odama-Wong,,,0,0,0
2023,10,espn:f90f1d51,espn-log,Patrick Mahomes,QB,Rollin Odama-Wong,Darwin Hu,10,17,8,109.2,109.2
2023,10,espn:f90f1d51,espn-log,Kenny Pickett,QB,Rollin Odama-Wong,Darwin Hu,10,16,7,26.5,6.6
2023,10,espn:f90f1d51,espn-log,Trevor Lawrence,QB,Darwin Hu,Rollin Odama-Wong,10,17,8,125.8,123.2
2023,10,espn:f90f1d51,espn-log,Rhamondre Stevenson,RB,Darwin Hu,Rollin Odama-Wong,10,11,2,13.2,13.2
2023,10,espn:78a4ee54,espn-log,Brandon Aiyuk,WR,Darwin Hu,Ikaika Stone,10,17,8,135.2,135.2
2023,10,espn:78a4ee54,espn-log,Stanford Samuels,12,Ikaika Stone,Darwin Hu,,,0,0,0
2023,10,derived:1-8-w10,derived,Ja'Marr Chase,WR,Chase Mizoguchi,Prashanth Balaraman,10,17,8,100.2,93.1
2023,10,derived:1-8-w10,derived,Derek Carr,QB,Prashanth Balaraman,Chase Mizoguchi,10,17,8,97.3,97.3
2023,10,derived:1-8-w10,derived,Jonathan Taylor,RB,Prashanth Balaraman,Chase Mizoguchi,10,17,8,63.3,53
2023,12,derived:2-6-w12,derived,Rhamondre Stevenson,RB,Rollin Odama-Wong,Harvey Wang,12,17,6,24.6,24.6
2023,12,derived:2-6-w12,derived,Aaron Jones Sr.,RB,Harvey Wang,Rollin Odama-Wong,12,17,6,39.4,28.5
2023,12,derived:2-6-w12,derived,AJ Dillon,RB,Harvey Wang,Rollin Odama-Wong,12,12,1,11.1,0
2023,13,espn:ce40eb4f,espn-log,Justin Fields,QB,Evan Fukumoto,Christopher Pascual,13,17,5,84.1,84.1
2023,13,espn:ce40eb4f,espn-log,Saquon Barkley,RB,Evan Fukumoto,Christopher Pascual,13,17,5,57,57
2023,13,espn:ce40eb4f,espn-log,Christian Kirk,WR,Evan Fukumoto,Christopher Pascual,13,17,5,3.6,3.6
2023,13,espn:ce40eb4f,espn-log,Jaylen Warren,RB,Christopher Pascual,Evan Fukumoto,13,17,5,56.5,19.8
2023,13,espn:ce40eb4f,espn-log,Kyler Murray,QB,Christopher Pascual,Evan Fukumoto,13,17,5,69.2,57.4
2023,13,espn:ce40eb4f,espn-log,Puka Nacua,WR,Christopher Pascual,Evan Fukumoto,13,17,5,99.9,99.9
2023,13,derived:5-7-w13,derived,Derrick Henry,RB,Christopher Pascual,Justin Ho,13,17,5,73.7,73.7
2023,13,derived:5-7-w13,derived,Garrett Wilson,WR,Justin Ho,Christopher Pascual,13,17,5,60.2,60.2
2023,13,derived:1-14-w13,derived,David Njoku,TE,Chase Mizoguchi,Jeffrey Chan,13,13,1,3.7,3.7
2023,13,derived:1-14-w13,derived,Dalton Schultz,TE,Jeffrey Chan,Chase Mizoguchi,13,13,1,0,0
2023,14,espn:d4b50487,espn-log,David Njoku,TE,Jeffrey Chan,Chase Mizoguchi,14,17,4,87.8,60.2
2023,14,espn:d4b50487,espn-log,Dalton Schultz,TE,Chase Mizoguchi,Jeffrey Chan,14,17,4,27.8,18
2024,4,derived:13-8-w4,derived,Jared Goff,QB,Darwin Hu,Prashanth Balaraman,4,17,14,281,281
2024,4,derived:13-8-w4,derived,Caleb Williams,QB,Prashanth Balaraman,Darwin Hu,4,17,14,211.7,64
2024,5,derived:3-7-w5,derived,Tee Higgins,WR,Ikaika Stone,Christopher Pascual,5,17,13,194.4,194.4
2024,5,derived:3-7-w5,derived,Rhamondre Stevenson,RB,Ikaika Stone,Christopher Pascual,5,9,5,69.6,69.6
2024,5,derived:3-7-w5,derived,James Conner,RB,Christopher Pascual,Ikaika Stone,5,9,5,69.6,69.6
2024,5,derived:3-7-w5,derived,Jake Ferguson,TE,Christopher Pascual,Ikaika Stone,5,15,11,57.5,40
2024,5,derived:3-7-w5,derived,Zach Ertz,TE,Ikaika Stone,Christopher Pascual,5,17,13,130.5,130.5
2024,5,derived:1-7-w5,derived,Austin Ekeler,RB,Chase Mizoguchi,Christopher Pascual,5,17,13,91.7,22.5
2024,5,derived:1-7-w5,derived,Matthew Stafford,QB,Christopher Pascual,Chase Mizoguchi,5,17,13,175.6,53.9
2024,5,derived:1-7-w5,derived,J.K. Dobbins,RB,Christopher Pascual,Chase Mizoguchi,5,17,13,120.7,111.8
2024,5,derived:1-7-w5,derived,Zack Moss,RB,Christopher Pascual,Chase Mizoguchi,5,6,2,8.7,8.7
2024,5,derived:1-7-w5,derived,Andy Dalton,QB,Chase Mizoguchi,Christopher Pascual,5,7,3,18.7,18.7
2024,6,derived:6-8-w6,derived,Jerome Ford,RB,Rollin Odama-Wong,Prashanth Balaraman,6,6,1,1.4,0
2024,6,derived:6-8-w6,derived,Trevor Lawrence,QB,Prashanth Balaraman,Rollin Odama-Wong,6,6,1,17.6,0
2024,7,derived:2-6-w7,derived,Garrett Wilson,WR,Rollin Odama-Wong,Harvey Wang,7,17,11,145.9,136.8
2024,7,derived:2-6-w7,derived,Tyreek Hill,WR,Harvey Wang,Rollin Odama-Wong,7,17,11,154.5,135
2024,7,derived:13-3-w7,derived,Kareem Hunt,RB,Darwin Hu,Ikaika Stone,7,9,3,54.3,32
2024,7,derived:13-3-w7,derived,Drake Maye,QB,Ikaika Stone,Darwin Hu,7,11,5,77.8,38.8
2024,10,derived:1-5-w10,derived,Christian McCaffrey,RB,Justin Ho,Chase Mizoguchi,10,13,4,47.8,47.8
2024,10,derived:1-5-w10,derived,Marvin Harrison Jr.,WR,Chase Mizoguchi,Justin Ho,10,17,8,79.2,0
2024,10,derived:1-5-w10,derived,Jayden Daniels,QB,Chase Mizoguchi,Justin Ho,10,17,8,170.4,170.4
2024,10,derived:1-5-w10,derived,Jordan Mason,RB,Justin Ho,Chase Mizoguchi,10,13,4,11.9,0
2024,10,derived:5-7-w10,derived,Joe Burrow,QB,Justin Ho,Christopher Pascual,10,17,8,182.4,182.4
2024,10,derived:5-7-w10,derived,Rhamondre Stevenson,RB,Christopher Pascual,Justin Ho,10,14,5,37.3,21.6
2024,10,derived:13-6-w10,derived,Josh Jacobs,RB,Rollin Odama-Wong,Darwin Hu,10,17,8,152,152
2024,10,derived:13-6-w10,derived,Jaxon Smith-Njigba,WR,Darwin Hu,Rollin Odama-Wong,10,17,8,122.5,122.5
2024,10,derived:13-6-w10,derived,Tyrone Tracy Jr.,RB,Darwin Hu,Rollin Odama-Wong,10,10,1,15.9,15.9
2024,10,derived:1-8-w10,derived,David Njoku,TE,Chase Mizoguchi,Prashanth Balaraman,10,10,1,0,0
2024,10,derived:1-8-w10,derived,George Kittle,TE,Prashanth Balaraman,Chase Mizoguchi,10,10,1,14.7,14.7
2024,10,derived:1-2-w10,derived,Jordan Love,QB,Harvey Wang,Chase Mizoguchi,10,10,1,0,0
2024,10,derived:1-2-w10,derived,Bo Nix,QB,Chase Mizoguchi,Harvey Wang,10,10,1,16.1,16.1
2024,10,derived:3-7-w10,derived,A.J. Brown,WR,Christopher Pascual,Ikaika Stone,10,17,8,132,132
2024,10,derived:3-7-w10,derived,Kareem Hunt,RB,Ikaika Stone,Christopher Pascual,10,17,8,71.9,38.2
2024,10,derived:3-7-w10,derived,Tank Bigsby,RB,Christopher Pascual,Ikaika Stone,10,10,1,0.4,0
2024,11,espn:afb6f783,espn-log,Bo Nix,QB,Harvey Wang,Chase Mizoguchi,11,14,4,60.4,60.4
2024,11,espn:afb6f783,espn-log,Jordan Love,QB,Chase Mizoguchi,Harvey Wang,11,17,7,111.5,111.5
2024,11,espn:bac0027c,espn-log,David Njoku,TE,Prashanth Balaraman,Chase Mizoguchi,11,17,7,81.5,81.5
2024,11,espn:bac0027c,espn-log,George Kittle,TE,Chase Mizoguchi,Prashanth Balaraman,11,17,7,91.4,71.2
2024,11,derived:2-6-w11,derived,Chase Brown,RB,Harvey Wang,Rollin Odama-Wong,11,17,7,115.9,115.9
2024,11,derived:2-6-w11,derived,Tyrone Tracy Jr.,RB,Rollin Odama-Wong,Harvey Wang,11,17,7,73.5,45.2
2024,12,espn:ebe60da3,espn-log,Steelers D/ST,D/ST,Chase Mizoguchi,Justin Ho,12,15,4,36,36
2024,12,derived:13-6-w12,derived,Baker Mayfield,QB,Rollin Odama-Wong,Darwin Hu,12,17,6,132.8,104.7
2024,12,derived:13-6-w12,derived,Brian Robinson Jr.,RB,Darwin Hu,Rollin Odama-Wong,12,12,1,3.9,3.9
2024,12,derived:13-6-w12,derived,Drake Maye,QB,Darwin Hu,Rollin Odama-Wong,12,17,6,77.7,0
2024,13,espn:319b75a0,espn-log,Hunter Henry,TE,Rollin Odama-Wong,Evan Fukumoto,13,17,5,34.9,0
2024,13,espn:319b75a0,espn-log,Brian Robinson Jr.,RB,Rollin Odama-Wong,Evan Fukumoto,13,17,5,40.6,40.6
2024,13,espn:319b75a0,espn-log,Amari Cooper,WR,Evan Fukumoto,Rollin Odama-Wong,13,17,5,36.3,0
2024,13,espn:319b75a0,espn-log,Taysom Hill,TE,Evan Fukumoto,Rollin Odama-Wong,13,13,1,9.7,9.7
2024,14,espn:3d8b9ace,espn-log,Jakobi Meyers,WR,Jeffrey Chan,Chase Mizoguchi,14,17,4,48.3,31.2
2024,14,espn:3d8b9ace,espn-log,Nick Chubb,RB,Chase Mizoguchi,Jeffrey Chan,14,17,4,7.9,5.3
2024,14,derived:1-3-w14,derived,DeAndre Hopkins,WR,Chase Mizoguchi,Ikaika Stone,14,17,4,32.2,0
2024,14,derived:1-3-w14,derived,Deebo Samuel,WR,Ikaika Stone,Chase Mizoguchi,14,17,4,45.1,9.6
2024,15,espn:d4e1d093,espn-log,Sam Darnold,QB,Chase Mizoguchi,Evan Fukumoto,15,17,3,59,59
2024,15,espn:d4e1d093,espn-log,Jameson Williams,WR,Evan Fukumoto,Chase Mizoguchi,15,17,3,63.2,37.2
2024,15,espn:d4e1d093,espn-log,Kirk Cousins,QB,Evan Fukumoto,Chase Mizoguchi,15,16,2,6.5,6.5
2024,15,derived:14-5-w15,derived,DK Metcalf,WR,Justin Ho,Jeffrey Chan,15,17,3,27.7,27.7
2024,15,derived:14-5-w15,derived,Rhamondre Stevenson,RB,Justin Ho,Jeffrey Chan,15,17,3,21.9,21.9
2024,15,derived:14-5-w15,derived,Alvin Kamara,RB,Jeffrey Chan,Justin Ho,15,17,3,17.5,17.5
2024,15,derived:1-3-w15,derived,Bo Nix,QB,Chase Mizoguchi,Ikaika Stone,15,17,3,56.4,56.4
2024,15,derived:1-3-w15,derived,C.J. Stroud,QB,Ikaika Stone,Chase Mizoguchi,15,17,3,33.8,22.2
2024,15,derived:2-8-w15,derived,Najee Harris,RB,Prashanth Balaraman,Harvey Wang,15,17,3,17.4,0
2024,15,derived:2-8-w15,derived,Jameis Winston,QB,Harvey Wang,Prashanth Balaraman,15,16,2,-0.4,0
2025,2,espn:fcc62b0e,espn-log,DeVonta Smith,WR,Evan Fukumoto,Chase Mizoguchi,2,3,2,29.3,0
2025,2,espn:fcc62b0e,espn-log,Aaron Rodgers,QB,Chase Mizoguchi,Evan Fukumoto,2,3,2,22.1,10.4
2025,4,espn:d0947c33,espn-log,Aaron Rodgers,QB,Evan Fukumoto,Chase Mizoguchi,4,4,1,12.8,0
2025,4,espn:d0947c33,espn-log,DeVonta Smith,WR,Chase Mizoguchi,Evan Fukumoto,4,17,14,159.7,76.3
2025,4,espn:ac5b366f,espn-log,Jaylen Warren,RB,Harvey Wang,Evan Fukumoto,4,17,14,157.8,105.4
2025,4,espn:ac5b366f,espn-log,A.J. Brown,WR,Evan Fukumoto,Harvey Wang,4,4,1,2.7,2.7
2025,4,derived:1-14-w4,derived,Jameson Williams,WR,Chase Mizoguchi,Jeffrey Chan,4,17,14,175.3,44.1
2025,4,derived:1-14-w4,derived,Nick Chubb,RB,Chase Mizoguchi,Jeffrey Chan,4,17,14,60.6,19.8
2025,4,derived:1-14-w4,derived,David Montgomery,RB,Jeffrey Chan,Chase Mizoguchi,4,17,14,109.6,66
2025,4,derived:1-14-w4,derived,Chris Olave,WR,Jeffrey Chan,Chase Mizoguchi,4,17,14,229,213.2
2025,4,derived:1-8-w4,derived,Zay Flowers,WR,Chase Mizoguchi,Prashanth Balaraman,4,7,4,35.7,0
2025,4,derived:1-8-w4,derived,Quinshon Judkins,RB,Prashanth Balaraman,Chase Mizoguchi,4,16,13,143.2,138.5
2025,5,derived:13-2-w5,derived,Saquon Barkley,RB,Harvey Wang,Darwin Hu,5,17,13,170.1,170.1
2025,5,derived:13-2-w5,derived,Josh Jacobs,RB,Darwin Hu,Harvey Wang,5,17,13,164.6,163.3
2025,5,derived:13-2-w5,derived,Rashee Rice,WR,Darwin Hu,Harvey Wang,5,7,3,23.2,23.2
2025,5,derived:13-2-w5,derived,Ricky Pearsall,WR,Darwin Hu,Harvey Wang,5,17,13,36.3,0
2025,5,derived:13-2-w5,derived,A.J. Brown,WR,Harvey Wang,Darwin Hu,5,17,13,185.2,185.2
2025,5,derived:3-7-w5,derived,Ladd McConkey,WR,Ikaika Stone,Christopher Pascual,5,17,13,148,148
2025,5,derived:3-7-w5,derived,Jordan Mason,RB,Ikaika Stone,Christopher Pascual,5,9,5,31.1,13.8
2025,5,derived:3-7-w5,derived,George Pickens,WR,Christopher Pascual,Ikaika Stone,5,7,3,57.7,57.7
2025,5,derived:5-7-w5,derived,Ashton Jeanty,RB,Justin Ho,Christopher Pascual,5,17,13,174,132.4
2025,5,derived:5-7-w5,derived,Garrett Wilson,WR,Justin Ho,Christopher Pascual,5,17,13,23.9,23.4
2025,5,derived:5-7-w5,derived,Kyler Murray,QB,Justin Ho,Christopher Pascual,5,13,9,15.3,15.3
2025,5,derived:5-7-w5,derived,Bijan Robinson,RB,Christopher Pascual,Justin Ho,5,17,13,275.1,175.9
2025,5,derived:5-7-w5,derived,Tetairoa McMillan,WR,Christopher Pascual,Justin Ho,5,17,13,156.6,130.8
2025,6,derived:1-6-w6,derived,D'Andre Swift,RB,Rollin Odama-Wong,Chase Mizoguchi,6,17,12,172.6,142.8
2025,6,derived:1-6-w6,derived,Jaylen Waddle,WR,Rollin Odama-Wong,Chase Mizoguchi,6,17,12,125.6,125.6
2025,6,derived:1-6-w6,derived,Geno Smith,QB,Rollin Odama-Wong,Chase Mizoguchi,6,7,2,11.4,0
2025,6,derived:1-6-w6,derived,Tyler Warren,TE,Rollin Odama-Wong,Chase Mizoguchi,6,17,12,114.6,114.6
2025,6,derived:1-6-w6,derived,Brock Bowers,TE,Chase Mizoguchi,Rollin Odama-Wong,6,16,11,133.2,133.2
2025,6,derived:1-6-w6,derived,Bucky Irving,RB,Chase Mizoguchi,Rollin Odama-Wong,6,17,12,55.7,55.7
2025,6,derived:1-6-w6,derived,Caleb Williams,QB,Chase Mizoguchi,Rollin Odama-Wong,6,17,12,220,209.7
2025,8,derived:6-8-w8,derived,Brian Thomas Jr.,WR,Rollin Odama-Wong,Prashanth Balaraman,8,17,10,53.8,8.5
2025,8,derived:6-8-w8,derived,Jared Goff,QB,Rollin Odama-Wong,Prashanth Balaraman,8,17,10,164.3,118.1
2025,8,derived:6-8-w8,derived,Zay Flowers,WR,Prashanth Balaraman,Rollin Odama-Wong,8,16,9,119.5,84.2
2025,8,derived:6-8-w8,derived,Joe Flacco,QB,Prashanth Balaraman,Rollin Odama-Wong,8,12,5,74.5,34.2
2025,8,derived:2-3-w8,derived,Rashee Rice,WR,Harvey Wang,Ikaika Stone,8,17,10,126.9,126.9
2025,8,derived:2-3-w8,derived,George Pickens,WR,Ikaika Stone,Harvey Wang,8,17,10,157.8,157.8
2025,8,derived:2-3-w8,derived,Aaron Rodgers,QB,Ikaika Stone,Harvey Wang,8,8,1,16.8,16.8
2025,9,derived:2-3-w9,derived,Trevor Lawrence,QB,Ikaika Stone,Harvey Wang,9,17,9,202.8,161.8
2025,9,derived:2-3-w9,derived,Aaron Rodgers,QB,Harvey Wang,Ikaika Stone,9,17,9,92,28
