Year,Week,Date,TradeId,Trade,PlayerId,Player,Position,FromTeamId,FromTeam,FromManager,ToTeamId,ToTeam,ToManager,RosterVerification,OwnerTradeWeek,OwnerNextWeek
2022,3,2022-09-22 17:17:03,ac5b9a2d-b4a6-483e-b4d6-45718aae86ff,Evan Fukumoto <-> Rollin Odama-Wong,4360939,Rashod Bateman,WR,4,I hate Rollin,Evan Fukumoto,6,2020+2022 Champion,Rollin Odama-Wong,CONFIRMED,6,6
2022,3,2022-09-22 17:17:03,ac5b9a2d-b4a6-483e-b4d6-45718aae86ff,Evan Fukumoto <-> Rollin Odama-Wong,3046779,Jared Goff,QB,4,I hate Rollin,Evan Fukumoto,6,2020+2022 Champion,Rollin Odama-Wong,CONFIRMED,6,6
2022,3,2022-09-22 17:17:03,ac5b9a2d-b4a6-483e-b4d6-45718aae86ff,Evan Fukumoto <-> Rollin Odama-Wong,16760,Jimmy Garoppolo,QB,6,2020+2022 Champion,Rollin Odama-Wong,4,I hate Rollin,Evan Fukumoto,CONFIRMED,4,4
2022,3,2022-09-22 17:17:03,ac5b9a2d-b4a6-483e-b4d6-45718aae86ff,Evan Fukumoto <-> Rollin Odama-Wong,2573079,Carson Wentz,QB,6,2020+2022 Champion,Rollin Odama-Wong,4,I hate Rollin,Evan Fukumoto,CONFLICT,4,3
2022,4,2022-09-29 14:23:45,e5583601-4e52-458f-ade8-d2adf455ee22,Evan Fukumoto <-> Ikaika Stone,3128390,Allen Lazard,WR,4,I hate Rollin,Evan Fukumoto,3,Vietokwuegbunam Flashback,Ikaika Stone,CONFIRMED,3,3
2022,4,2022-09-29 14:23:45,e5583601-4e52-458f-ade8-d2adf455ee22,Evan Fukumoto <-> Ikaika Stone,3042519,Aaron Jones,RB,4,I hate Rollin,Evan Fukumoto,3,Vietokwuegbunam Flashback,Ikaika Stone,CONFIRMED,3,3
2022,4,2022-09-29 14:23:45,e5583601-4e52-458f-ade8-d2adf455ee22,Evan Fukumoto <-> Ikaika Stone,2573079,Carson Wentz,QB,4,I hate Rollin,Evan Fukumoto,3,Vietokwuegbunam Flashback,Ikaika Stone,CONFIRMED,3,3
2022,4,2022-09-29 14:23:45,e5583601-4e52-458f-ade8-d2adf455ee22,Evan Fukumoto <-> Ikaika Stone,3917315,Kyler Murray,QB,3,Vietokwuegbunam Flashback,Ikaika Stone,4,I hate Rollin,Evan Fukumoto,CONFIRMED,4,4
2022,4,2022-09-29 14:23:45,e5583601-4e52-458f-ade8-d2adf455ee22,Evan Fukumoto <-> Ikaika Stone,3120348,JuJu Smith-Schuster,WR,3,Vietokwuegbunam Flashback,Ikaika Stone,4,I hate Rollin,Evan Fukumoto,CONFIRMED,4,4
2022,4,2022-09-29 22:43:01,effba552-57f1-47b2-8503-82bdcd060794,Justin Ho <-> Chase Mizoguchi,3116365,Mark Andrews,TE,5,Chute Mi,Justin Ho,1,IF I DON'T WIN THEN I QUIT,Chase Mizoguchi,CONFIRMED,1,1
2022,4,2022-09-29 22:43:01,effba552-57f1-47b2-8503-82bdcd060794,Justin Ho <-> Chase Mizoguchi,4241985,J.K. Dobbins,RB,5,Chute Mi,Justin Ho,1,IF I DON'T WIN THEN I QUIT,Chase Mizoguchi,CONFIRMED,1,1
2022,4,2022-09-29 22:43:01,effba552-57f1-47b2-8503-82bdcd060794,Justin Ho <-> Chase Mizoguchi,4360248,Kyle Pitts,TE,1,IF I DON'T WIN THEN I QUIT,Chase Mizoguchi,5,Chute Mi,Justin Ho,CONFIRMED,5,5
2022,4,2022-09-29 22:43:01,effba552-57f1-47b2-8503-82bdcd060794,Justin Ho <-> Chase Mizoguchi,3117251,Christian McCaffrey,RB,1,IF I DON'T WIN THEN I QUIT,Chase Mizoguchi,5,Chute Mi,Justin Ho,CONFIRMED,5,5
2022,8,2022-10-25 18:07:30,19582fcb-2f3a-4018-8893-df4f571173a6,Justin Ho <-> Chase Mizoguchi,3116593,Dalvin Cook,RB,5,Chute Mi,Justin Ho,1,IF I DON'T WIN THEN I QUIT,Chase Mizoguchi,CONFIRMED,1,1
2022,8,2022-10-25 18:07:30,19582fcb-2f3a-4018-8893-df4f571173a6,Justin Ho <-> Chase Mizoguchi,3059915,Kareem Hunt,RB,5,Chute Mi,Justin Ho,1,IF I DON'T WIN THEN I QUIT,Chase Mizoguchi,CONFIRMED,1,1
2022,8,2022-10-25 18:07:30,19582fcb-2f3a-4018-8893-df4f571173a6,Justin Ho <-> Chase Mizoguchi,4048244,Alexander Mattison,RB,5,Chute Mi,Justin Ho,1,IF I DON'T WIN THEN I QUIT,Chase Mizoguchi,CONFIRMED,1,1
2022,8,2022-10-25 18:07:30,19582fcb-2f3a-4018-8893-df4f571173a6,Justin Ho <-> Chase Mizoguchi,2576434,Melvin Gordon III,RB,1,IF I DON'T WIN THEN I QUIT,Chase Mizoguchi,5,Chute Mi,Justin Ho,CONFLICT,14,14
2022,8,2022-10-25 18:07:30,19582fcb-2f3a-4018-8893-df4f571173a6,Justin Ho <-> Chase Mizoguchi,2577327,Tyler Lockett,WR,1,IF I DON'T WIN THEN I QUIT,Chase Mizoguchi,5,Chute Mi,Justin Ho,CONFLICT,14,14
2022,8,2022-10-25 18:07:30,19582fcb-2f3a-4018-8893-df4f571173a6,Justin Ho <-> Chase Mizoguchi,4360294,Antonio Gibson,RB,1,IF I DON'T WIN THEN I QUIT,Chase Mizoguchi,5,Chute Mi,Justin Ho,CONFLICT,13,13
2022,9,2022-11-04 17:12:03,ee85d275-0b73-4f9c-b539-d52059f2b696,Evan Fukumoto <-> Darwin Hu,16760,Jimmy Garoppolo,QB,4,I hate Rollin,Evan Fukumoto,13,. Tweedle Dame,Darwin Hu,CONFIRMED,13,13
2022,9,2022-11-04 17:12:03,ee85d275-0b73-4f9c-b539-d52059f2b696,Evan Fukumoto <-> Darwin Hu,2976316,Michael Thomas,WR,13,. Tweedle Dame,Darwin Hu,4,I hate Rollin,Evan Fukumoto,DROPPED_AFTER,,
2022,10,2022-11-11 23:35:05,99bd3539-8f73-4908-9621-05d5caca4f6d,Evan Fukumoto <-> Ikaika Stone,4426354,George Pickens,WR,4,I hate Rollin,Evan Fukumoto,3,Vietokwuegbunam Flashback,Ikaika Stone,CONFIRMED,3,3
2022,10,2022-11-11 23:35:05,99bd3539-8f73-4908-9621-05d5caca4f6d,Evan Fukumoto <-> Ikaika Stone,15920,Latavius Murray,RB,4,I hate Rollin,Evan Fukumoto,3,Vietokwuegbunam Flashback,Ikaika Stone,CONFIRMED,3,3
2022,10,2022-11-11 23:35:05,99bd3539-8f73-4908-9621-05d5caca4f6d,Evan Fukumoto <-> Ikaika Stone,2578570,Jacoby Brissett,QB,4,I hate Rollin,Evan Fukumoto,3,Vietokwuegbunam Flashback,Ikaika Stone,CONFIRMED,3,3
2022,10,2022-11-11 23:35:05,99bd3539-8f73-4908-9621-05d5caca4f6d,Evan Fukumoto <-> Ikaika Stone,14876,Ryan Tannehill,QB,3,Vietokwuegbunam Flashback,Ikaika Stone,4,I hate Rollin,Evan Fukumoto,CONFIRMED,4,4
2022,10,2022-11-11 23:35:05,99bd3539-8f73-4908-9621-05d5caca4f6d,Evan Fukumoto <-> Ikaika Stone,3045144,Tyler Boyd,WR,3,Vietokwuegbunam Flashback,Ikaika Stone,4,I hate Rollin,Evan Fukumoto,CONFIRMED,4,4
2022,12,2022-11-23 23:44:02,5c73f7a2-b916-4ec8-995e-28e50084e2ef,Evan Fukumoto <-> Justin Ho,14876,Ryan Tannehill,QB,4,I hate Rollin,Evan Fukumoto,5,Chute Mi,Justin Ho,CONFIRMED,5,5
2022,12,2022-11-23 23:44:02,5c73f7a2-b916-4ec8-995e-28e50084e2ef,Evan Fukumoto <-> Justin Ho,3054850,Alvin Kamara,RB,4,I hate Rollin,Evan Fukumoto,5,Chute Mi,Justin Ho,CONFIRMED,5,5
2022,12,2022-11-23 23:44:02,5c73f7a2-b916-4ec8-995e-28e50084e2ef,Evan Fukumoto <-> Justin Ho,3917315,Kyler Murray,QB,4,I hate Rollin,Evan Fukumoto,5,Chute Mi,Justin Ho,CONFIRMED,5,5
2022,12,2022-11-23 23:44:02,5c73f7a2-b916-4ec8-995e-28e50084e2ef,Evan Fukumoto <-> Justin Ho,4047650,DK Metcalf,WR,5,Chute Mi,Justin Ho,4,I hate Rollin,Evan Fukumoto,CONFIRMED,4,4
2022,12,2022-11-23 23:44:02,5c73f7a2-b916-4ec8-995e-28e50084e2ef,Evan Fukumoto <-> Justin Ho,4038941,Justin Herbert,QB,5,Chute Mi,Justin Ho,4,I hate Rollin,Evan Fukumoto,CONFIRMED,4,4
2022,14,2022-12-09 16:57:02,16ccd94c-07cc-4575-a4f7-4eec8e4713f5,Evan Fukumoto <-> Chase Mizoguchi,4241464,Mac Jones,QB,4,I hate Rollin,Evan Fukumoto,1,IF I DON'T WIN THEN I QUIT,Chase Mizoguchi,CONFLICT,1,4
2022,14,2022-12-09 16:57:02,16ccd94c-07cc-4575-a4f7-4eec8e4713f5,Evan Fukumoto <-> Chase Mizoguchi,3121427,Curtis Samuel,WR,4,I hate Rollin,Evan Fukumoto,1,IF I DON'T WIN THEN I QUIT,Chase Mizoguchi,CONFLICT,1,4
2022,14,2022-12-09 16:57:02,16ccd94c-07cc-4575-a4f7-4eec8e4713f5,Evan Fukumoto <-> Chase Mizoguchi,4242546,Davis Mills,QB,1,IF I DON'T WIN THEN I QUIT,Chase Mizoguchi,4,I hate Rollin,Evan Fukumoto,CONFLICT,4,1
2022,14,2022-12-09 16:57:02,16ccd94c-07cc-4575-a4f7-4eec8e4713f5,Evan Fukumoto <-> Chase Mizoguchi,4372485,Rondale Moore,WR,1,IF I DON'T WIN THEN I QUIT,Chase Mizoguchi,4,I hate Rollin,Evan Fukumoto,CONFLICT,4,1
2022,15,2022-12-15 03:55:28,050a8b06-9654-4ecb-9659-b8deb73b5319,Evan Fukumoto <-> Chase Mizoguchi,4242546,Davis Mills,QB,4,I hate Rollin,Evan Fukumoto,1,IF I DON'T WIN THEN I QUIT,Chase Mizoguchi,DROPPED_AFTER,1,
2022,15,2022-12-15 03:55:28,050a8b06-9654-4ecb-9659-b8deb73b5319,Evan Fukumoto <-> Chase Mizoguchi,4372485,Rondale Moore,WR,4,I hate Rollin,Evan Fukumoto,1,IF I DON'T WIN THEN I QUIT,Chase Mizoguchi,DROPPED_AFTER,1,
2022,15,2022-12-15 03:55:28,050a8b06-9654-4ecb-9659-b8deb73b5319,Evan Fukumoto <-> Chase Mizoguchi,4241464,Mac Jones,QB,1,IF I DON'T WIN THEN I QUIT,Chase Mizoguchi,4,I hate Rollin,Evan Fukumoto,CONFIRMED,4,4
2022,15,2022-12-15 03:55:28,050a8b06-9654-4ecb-9659-b8deb73b5319,Evan Fukumoto <-> Chase Mizoguchi,3121427,Curtis Samuel,WR,1,IF I DON'T WIN THEN I QUIT,Chase Mizoguchi,4,I hate Rollin,Evan Fukumoto,CONFIRMED,4,4
2023,2,2023-09-14 17:00:58,e74f3af5-a17d-4a16-8d6b-e1d52817095b,Evan Fukumoto <-> Justin Ho,4036378,Jordan Love,QB,4,Little munchkin,Evan Fukumoto,5,1-800-273-8255 @ 0:37-041,Justin Ho,CONFIRMED,5,5
2023,2,2023-09-14 17:00:58,e74f3af5-a17d-4a16-8d6b-e1d52817095b,Evan Fukumoto <-> Justin Ho,4241474,Brian Robinson Jr.,RB,4,Little munchkin,Evan Fukumoto,5,1-800-273-8255 @ 0:37-041,Justin Ho,CONFIRMED,5,5
2023,2,2023-09-14 17:00:58,e74f3af5-a17d-4a16-8d6b-e1d52817095b,Evan Fukumoto <-> Justin Ho,16760,Jimmy Garoppolo,QB,5,1-800-273-8255 @ 0:37-041,Justin Ho,4,Little munchkin,Evan Fukumoto,CONFIRMED,4,4
2023,2,2023-09-14 17:00:58,e74f3af5-a17d-4a16-8d6b-e1d52817095b,Evan Fukumoto <-> Justin Ho,4048244,Alexander Mattison,RB,5,1-800-273-8255 @ 0:37-041,Justin Ho,4,Little munchkin,Evan Fukumoto,CONFIRMED,4,4
2023,9,2023-11-06 18:30:03,942240ed-78cb-47f9-9b3c-9d6cd645c747,Jeffrey Chan <-> Chase Mizoguchi,3046779,Jared Goff,QB,14,Kick or die Kick,Jeffrey Chan,1,I WANT TO KILL MYSELF,Chase Mizoguchi,CONFIRMED,1,1
2023,9,2023-11-06 18:30:03,942240ed-78cb-47f9-9b3c-9d6cd645c747,Jeffrey Chan <-> Chase Mizoguchi,12483,Matthew Stafford,QB,1,I WANT TO KILL MYSELF,Chase Mizoguchi,14,Kick or die Kick,Jeffrey Chan,CONFIRMED,14,14
2023,10,2023-11-09 02:46:46,20fa0b16-5371-43c5-a3d1-e810da5e26d4,Rollin Odama-Wong <-> Ikaika Stone,3918298,Josh Allen,QB,6,2020+2022+2023 Champion,Rollin Odama-Wong,3,Vietokwuegbunam Flashback,Ikaika Stone,CONFIRMED,3,3
2023,10,2023-11-09 02:46:46,20fa0b16-5371-43c5-a3d1-e810da5e26d4,Rollin Odama-Wong <-> Ikaika Stone,4038524,Gardner Minshew,QB,6,2020+2022+2023 Champion,Rollin Odama-Wong,3,Vietokwuegbunam Flashback,Ikaika Stone,CONFIRMED,3,3
2023,10,2023-11-09 02:46:46,20fa0b16-5371-43c5-a3d1-e810da5e26d4,Rollin Odama-Wong <-> Ikaika Stone,4372016,Jaylen Waddle,WR,3,Vietokwuegbunam Flashback,Ikaika Stone,6,2020+2022+2023 Champion,Rollin Odama-Wong,CONFIRMED,6,6
2023,10,2023-11-09 02:46:46,20fa0b16-5371-43c5-a3d1-e810da5e26d4,Rollin Odama-Wong <-> Ikaika Stone,4240703,Kenny Pickett,QB,3,Vietokwuegbunam Flashback,Ikaika Stone,6,2020+2022+2023 Champion,Rollin Odama-Wong,CONFLICT,13,13
2023,10,2023-11-09 02:46:46,20fa0b16-5371-43c5-a3d1-e810da5e26d4,Rollin Odama-Wong <-> Ikaika Stone,3139477,Patrick Mahomes,QB,3,Vietokwuegbunam Flashback,Ikaika Stone,6,2020+2022+2023 Champion,Rollin Odama-Wong,CONFLICT,13,13
2023,10,2023-11-09 02:47:33,f90f1d51-0198-47f7-9975-37480fb22d03,Rollin Odama-Wong <-> Darwin Hu,3139477,Patrick Mahomes,QB,6,2020+2022+2023 Champion,Rollin Odama-Wong,13,1ST TEAM ALL GLAZER,Darwin Hu,CONFIRMED,13,13
2023,10,2023-11-09 02:47:33,f90f1d51-0198-47f7-9975-37480fb22d03,Rollin Odama-Wong <-> Darwin Hu,4240703,Kenny Pickett,QB,6,2020+2022+2023 Champion,Rollin Odama-Wong,13,1ST TEAM ALL GLAZER,Darwin Hu,CONFIRMED,13,13
2023,10,2023-11-09 02:47:33,f90f1d51-0198-47f7-9975-37480fb22d03,Rollin Odama-Wong <-> Darwin Hu,4360310,Trevor Lawrence,QB,13,1ST TEAM ALL GLAZER,Darwin Hu,6,2020+2022+2023 Champion,Rollin Odama-Wong,CONFIRMED,6,6
2023,10,2023-11-09 02:47:33,f90f1d51-0198-47f7-9975-37480fb22d03,Rollin Odama-Wong <-> Darwin Hu,4569173,Rhamondre Stevenson,RB,13,1ST TEAM ALL GLAZER,Darwin Hu,6,2020+2022+2023 Champion,Rollin Odama-Wong,CONFIRMED,6,6
2023,10,2023-11-09 02:49:12,78a4ee54-c74d-4d3f-ac47-17b1d7b814ba,Darwin Hu <-> Ikaika Stone,4360438,Brandon Aiyuk,WR,13,1ST TEAM ALL GLAZER,Darwin Hu,3,Vietokwuegbunam Flashback,Ikaika Stone,CONFIRMED,3,3
2023,10,2023-11-09 02:49:12,78a4ee54-c74d-4d3f-ac47-17b1d7b814ba,Darwin Hu <-> Ikaika Stone,4240024,Stanford Samuels,12,3,Vietokwuegbunam Flashback,Ikaika Stone,13,1ST TEAM ALL GLAZER,Darwin Hu,DROPPED_AFTER,,
2023,13,2023-12-02 20:45:00,ce40eb4f-d1ce-49a3-bbf6-bb5e89dc048e,Evan Fukumoto <-> Christopher Pascual,4362887,Justin Fields,QB,4,Little munchkin,Evan Fukumoto,7,This Is Jahmyr's Team,Christopher Pascual,CONFIRMED,7,7
2023,13,2023-12-02 20:45:00,ce40eb4f-d1ce-49a3-bbf6-bb5e89dc048e,Evan Fukumoto <-> Christopher Pascual,3929630,Saquon Barkley,RB,4,Little munchkin,Evan Fukumoto,7,This Is Jahmyr's Team,Christopher Pascual,CONFIRMED,7,7
2023,13,2023-12-02 20:45:00,ce40eb4f-d1ce-49a3-bbf6-bb5e89dc048e,Evan Fukumoto <-> Christopher Pascual,3895856,Christian Kirk,WR,4,Little munchkin,Evan Fukumoto,7,This Is Jahmyr's Team,Christopher Pascual,CONFIRMED,7,7
2023,13,2023-12-02 20:45:00,ce40eb4f-d1ce-49a3-bbf6-bb5e89dc048e,Evan Fukumoto <-> Christopher Pascual,4569987,Jaylen Warren,RB,7,This Is Jahmyr's Team,Christopher Pascual,4,Little munchkin,Evan Fukumoto,CONFIRMED,4,4
2023,13,2023-12-02 20:45:00,ce40eb4f-d1ce-49a3-bbf6-bb5e89dc048e,Evan Fukumoto <-> Christopher Pascual,3917315,Kyler Murray,QB,7,This Is Jahmyr's Team,Christopher Pascual,4,Little munchkin,Evan Fukumoto,CONFIRMED,4,4
2023,13,2023-12-02 20:45:00,ce40eb4f-d1ce-49a3-bbf6-bb5e89dc048e,Evan Fukumoto <-> Christopher Pascual,4426515,Puka Nacua,WR,7,This Is Jahmyr's Team,Christopher Pascual,4,Little munchkin,Evan Fukumoto,CONFIRMED,4,4
2023,14,2023-12-08 06:14:36,d4b50487-c84f-4b11-97f7-9db3fa0522b0,Jeffrey Chan <-> Chase Mizoguchi,3123076,David Njoku,TE,14,Kick or die Kick,Jeffrey Chan,1,I WANT TO KILL MYSELF,Chase Mizoguchi,CONFIRMED,1,1
2023,14,2023-12-08 06:14:36,d4b50487-c84f-4b11-97f7-9db3fa0522b0,Jeffrey Chan <-> Chase Mizoguchi,3117256,Dalton Schultz,TE,1,I WANT TO KILL MYSELF,Chase Mizoguchi,14,Kick or die Kick,Jeffrey Chan,CONFIRMED,14,14
2024,11,2024-11-12 16:52:01,afb6f783-1785-4193-ad12-50f5a6346956,Harvey Wang <-> Chase Mizoguchi,4426338,Bo Nix,QB,2,Kapiolani Medical Center,Harvey Wang,1,Gamblers Anonymous,Chase Mizoguchi,CONFIRMED,1,1
2024,11,2024-11-12 16:52:01,afb6f783-1785-4193-ad12-50f5a6346956,Harvey Wang <-> Chase Mizoguchi,4036378,Jordan Love,QB,1,Gamblers Anonymous,Chase Mizoguchi,2,Kapiolani Medical Center,Harvey Wang,CONFIRMED,2,2
2024,11,2024-11-12 16:52:23,bac0027c-0124-423c-98a0-5d471faa8757,Prashanth Balaraman <-> Chase Mizoguchi,3123076,David Njoku,TE,8,Najee Germany,Prashanth Balaraman,1,Gamblers Anonymous,Chase Mizoguchi,CONFIRMED,1,1
2024,11,2024-11-12 16:52:23,bac0027c-0124-423c-98a0-5d471faa8757,Prashanth Balaraman <-> Chase Mizoguchi,3040151,George Kittle,TE,1,Gamblers Anonymous,Chase Mizoguchi,8,Najee Germany,Prashanth Balaraman,CONFIRMED,8,8
2024,12,2024-11-20 05:16:11,ebe60da3-230e-4552-81e4-ae250219ffe4,Chase Mizoguchi <-> Justin Ho,-16023,Steelers D/ST,D/ST,1,Gamblers Anonymous,Chase Mizoguchi,5,#freekylepitts,Justin Ho,CONFIRMED,5,5
2024,13,2024-11-28 15:12:02,319b75a0-447f-439f-82d1-a2f8682a419d,Rollin Odama-Wong <-> Evan Fukumoto,3046439,Hunter Henry,TE,6,2020+2022+2024 Champion,Rollin Odama-Wong,4,Heem Dawg,Evan Fukumoto,CONFIRMED,4,4
2024,13,2024-11-28 15:12:02,319b75a0-447f-439f-82d1-a2f8682a419d,Rollin Odama-Wong <-> Evan Fukumoto,4241474,Brian Robinson Jr.,RB,6,2020+2022+2024 Champion,Rollin Odama-Wong,4,Heem Dawg,Evan Fukumoto,CONFIRMED,4,4
2024,13,2024-11-28 15:12:02,319b75a0-447f-439f-82d1-a2f8682a419d,Rollin Odama-Wong <-> Evan Fukumoto,2976499,Amari Cooper,WR,4,Heem Dawg,Evan Fukumoto,6,2020+2022+2024 Champion,Rollin Odama-Wong,CONFIRMED,6,6
2024,13,2024-11-28 15:12:02,319b75a0-447f-439f-82d1-a2f8682a419d,Rollin Odama-Wong <-> Evan Fukumoto,2468609,Taysom Hill,TE,4,Heem Dawg,Evan Fukumoto,6,2020+2022+2024 Champion,Rollin Odama-Wong,DROPPED_AFTER,6,
2024,14,2024-12-05 04:08:15,3d8b9ace-26bb-47cd-9df8-1be7823bf416,Jeffrey Chan <-> Chase Mizoguchi,3916433,Jakobi Meyers,WR,14,Kick or die,Jeffrey Chan,1,Gamblers Anonymous,Chase Mizoguchi,CONFIRMED,1,1
2024,14,2024-12-05 04:08:15,3d8b9ace-26bb-47cd-9df8-1be7823bf416,Jeffrey Chan <-> Chase Mizoguchi,3128720,Nick Chubb,RB,1,Gamblers Anonymous,Chase Mizoguchi,14,Kick or die,Jeffrey Chan,CONFIRMED,14,14
2024,15,2024-12-12 22:26:14,d4e1d093-89bb-48d3-9a23-51178a8fb028,Chase Mizoguchi <-> Evan Fukumoto,3912547,Sam Darnold,QB,1,Gamblers Anonymous,Chase Mizoguchi,4,Heem Dawg,Evan Fukumoto,CONFIRMED,4,4
2024,15,2024-12-12 22:26:14,d4e1d093-89bb-48d3-9a23-51178a8fb028,Chase Mizoguchi <-> Evan Fukumoto,4426388,Jameson Williams,WR,4,Heem Dawg,Evan Fukumoto,1,Gamblers Anonymous,Chase Mizoguchi,CONFIRMED,1,1
2024,15,2024-12-12 22:26:14,d4e1d093-89bb-48d3-9a23-51178a8fb028,Chase Mizoguchi <-> Evan Fukumoto,14880,Kirk Cousins,QB,4,Heem Dawg,Evan Fukumoto,1,Gamblers Anonymous,Chase Mizoguchi,CONFIRMED,1,1
2025,2,2025-09-12 21:14:00,fcc62b0e-ccd2-4070-b644-5cefbca6d81b,Evan Fukumoto <-> Chase Mizoguchi,4241478,DeVonta Smith,WR,4,GIBBY,Evan Fukumoto,1,They Hit the Second Bower,Chase Mizoguchi,CONFIRMED,1,1
2025,2,2025-09-12 21:14:00,fcc62b0e-ccd2-4070-b644-5cefbca6d81b,Evan Fukumoto <-> Chase Mizoguchi,8439,Aaron Rodgers,QB,1,They Hit the Second Bower,Chase Mizoguchi,4,GIBBY,Evan Fukumoto,CONFIRMED,4,4
2025,4,2025-09-26 18:38:00,d0947c33-bccf-40e1-b76d-25f8d9cf8089,Evan Fukumoto <-> Chase Mizoguchi,8439,Aaron Rodgers,QB,4,GIBBY,Evan Fukumoto,1,They Hit the Second Bower,Chase Mizoguchi,CONFLICT,1,3
2025,4,2025-09-26 18:38:00,d0947c33-bccf-40e1-b76d-25f8d9cf8089,Evan Fukumoto <-> Chase Mizoguchi,4241478,DeVonta Smith,WR,1,They Hit the Second Bower,Chase Mizoguchi,4,GIBBY,Evan Fukumoto,CONFIRMED,4,4
2025,4,2025-09-28 03:39:19,ac5b366f-2239-4456-80bb-89719ffcef4a,Harvey Wang <-> Evan Fukumoto,4569987,Jaylen Warren,RB,2,Rice Fields Got Picken Dry,Harvey Wang,4,GIBBY,Evan Fukumoto,CONFIRMED,4,4
2025,4,2025-09-28 03:39:19,ac5b366f-2239-4456-80bb-89719ffcef4a,Harvey Wang <-> Evan Fukumoto,4047646,A.J. Brown,WR,4,GIBBY,Evan Fukumoto,2,Rice Fields Got Picken Dry,Harvey Wang,CONFLICT,2,13
